participantId,trialNumber,conditionId,conditionLabel,values,markedA,markedB,trueValueA,trueValueB,truePercentage,response,rawError,log2Error,reactionTimeMs,timestamp,
Esther,1,multicolor,Bar Chart (Multi-Color),23;91;60;40;25,1,2,91,60,66,65,1,0.169925001,16445,2026-02-19T03:23:01.331Z,
Esther,2,bw,Bar Chart (B&W),94;42;34;14;68,1,2,42,34,81,85,4,2.044394119,8843,2026-02-19T03:23:10.181Z,
Esther,3,bw,Bar Chart (B&W),58;37;57;85;64,1,2,37,57,65,70,5,2.357552005,7638,2026-02-19T03:23:17.821Z,
Esther,4,gradient,Bar Chart (Gradient),13;52;21;87;2,1,2,52,21,40,45,5,2.357552005,4287,2026-02-19T03:23:22.113Z,
Esther,5,gradient,Bar Chart (Gradient),55;59;11;99;6,1,2,59,11,19,20,1,0.169925001,9148,2026-02-19T03:23:31.263Z,
Esther,6,bw,Bar Chart (B&W),20;76;19;18;4,1,2,76,19,25,20,5,2.357552005,8134,2026-02-19T03:23:39.398Z,
Esther,7,gradient,Bar Chart (Gradient),90;58;77;86;73,1,2,58,77,75,80,5,2.357552005,14381,2026-02-19T03:23:53.781Z,
Esther,8,bw,Bar Chart (B&W),28;47;80;4;59,1,2,47,80,59,60,1,0.169925001,9065,2026-02-19T03:24:02.847Z,
Esther,9,gradient,Bar Chart (Gradient),67;33;63;12;6,1,2,33,63,52,50,2,1.087462841,4017,2026-02-19T03:24:06.865Z,
Esther,10,bw,Bar Chart (B&W),48;92;59;43;97,1,2,92,59,64,60,4,2.044394119,3981,2026-02-19T03:24:10.847Z,
Esther,11,bw,Bar Chart (B&W),58;28;72;57;8,1,2,28,72,39,50,11,3.475733431,4100,2026-02-19T03:24:14.949Z,
Esther,12,gradient,Bar Chart (Gradient),25;30;83;89;27,1,2,30,83,36,40,4,2.044394119,10695,2026-02-19T03:24:25.646Z,
Esther,13,multicolor,Bar Chart (Multi-Color),82;90;54;21;36,1,2,90,54,60,55,5,2.357552005,7917,2026-02-19T03:24:33.563Z,
Esther,14,bw,Bar Chart (B&W),95;59;18;44;45,1,2,59,18,31,30,1,0.169925001,4651,2026-02-19T03:24:38.215Z,
Esther,15,gradient,Bar Chart (Gradient),57;65;4;62;22,1,2,65,4,6,10,4,2.044394119,9113,2026-02-19T03:24:47.330Z,
Esther,16,gradient,Bar Chart (Gradient),28;38;33;79;93,1,2,38,33,87,95,8,3.022367813,5997,2026-02-19T03:24:53.329Z,
Esther,17,gradient,Bar Chart (Gradient),44;76;27;29;18,1,2,76,27,36,40,4,2.044394119,3965,2026-02-19T03:24:57.296Z,
Esther,18,bw,Bar Chart (B&W),61;55;88;95;23,1,2,55,88,63,70,7,2.832890014,8116,2026-02-19T03:25:05.413Z,
Esther,19,multicolor,Bar Chart (Multi-Color),29;59;49;94;39,1,2,59,49,83,85,2,1.087462841,4619,2026-02-19T03:25:10.033Z,
Esther,20,gradient,Bar Chart (Gradient),79;38;59;42;98,1,2,38,59,64,90,26,4.707359132,2479,2026-02-19T03:25:12.514Z,
Esther,21,multicolor,Bar Chart (Multi-Color),44;78;89;48;30,1,2,78,89,88,95,7,2.832890014,3798,2026-02-19T03:25:16.313Z,
Esther,22,multicolor,Bar Chart (Multi-Color),3;63;37;21;5,1,2,63,37,59,65,6,2.614709844,5370,2026-02-19T03:25:21.685Z,
Esther,23,multicolor,Bar Chart (Multi-Color),36;93;50;62;82,1,2,93,50,54,55,1,0.169925001,3548,2026-02-19T03:25:25.234Z,
Esther,24,multicolor,Bar Chart (Multi-Color),96;85;75;26;91,1,2,85,75,88,90,2,1.087462841,3547,2026-02-19T03:25:28.783Z,
Esther,25,bw,Bar Chart (B&W),35;96;63;70;46,1,2,96,63,66,67,1,0.169925001,14664,2026-02-19T03:25:43.448Z,
Esther,26,bw,Bar Chart (B&W),91;90;40;31;57,1,2,90,40,44,45,1,0.169925001,6997,2026-02-19T03:25:50.447Z,
Esther,27,multicolor,Bar Chart (Multi-Color),92;26;31;62;63,1,2,26,31,84,90,6,2.614709844,2781,2026-02-19T03:25:53.229Z,
Esther,28,bw,Bar Chart (B&W),2;54;70;79;34,1,2,54,70,77,75,2,1.087462841,14851,2026-02-19T03:26:08.081Z,
Esther,29,multicolor,Bar Chart (Multi-Color),30;90;80;87;17,1,2,90,80,89,85,4,2.044394119,5604,2026-02-19T03:26:13.686Z,
Esther,30,gradient,Bar Chart (Gradient),66;43;42;77;6,1,2,43,42,98,97,1,0.169925001,4243,2026-02-19T03:26:17.930Z,
Esther,31,gradient,Bar Chart (Gradient),4;73;99;42;93,1,2,73,99,74,75,1,0.169925001,17449,2026-02-19T03:26:35.380Z,
Esther,32,multicolor,Bar Chart (Multi-Color),16;29;83;54;60,1,2,29,83,35,33,2,1.087462841,5465,2026-02-19T03:26:40.847Z,
Esther,33,multicolor,Bar Chart (Multi-Color),62;72;93;57;39,1,2,72,93,77,80,3,1.64385619,6903,2026-02-19T03:26:47.751Z,
Esther,34,bw,Bar Chart (B&W),43;33;86;20;47,1,2,33,86,38,43,5,2.357552005,9128,2026-02-19T03:26:56.880Z,
Esther,35,gradient,Bar Chart (Gradient),85;99;32;37;18,1,2,99,32,32,35,3,1.64385619,5383,2026-02-19T03:27:02.264Z,
Esther,36,multicolor,Bar Chart (Multi-Color),71;88;39;85;30,1,2,88,39,44,49,5,2.357552005,5215,2026-02-19T03:27:07.481Z,
Esther,37,multicolor,Bar Chart (Multi-Color),16;80;93;59;10,1,2,80,93,86,90,4,2.044394119,5826,2026-02-19T03:27:13.309Z,
Esther,38,bw,Bar Chart (B&W),32;58;40;53;81,1,2,58,40,69,78,9,3.189824559,10120,2026-02-19T03:27:23.431Z,
Esther,39,bw,Bar Chart (B&W),30;6;40;64;58,1,2,6,40,15,17,2,1.087462841,9621,2026-02-19T03:27:33.053Z,
Esther,40,gradient,Bar Chart (Gradient),74;80;36;71;52,1,2,80,36,45,47,2,1.087462841,4808,2026-02-19T03:27:37.863Z,
Esther,41,gradient,Bar Chart (Gradient),45;46;61;75;14,1,2,46,61,75,70,5,2.357552005,24149,2026-02-19T03:28:02.013Z,
Esther,42,multicolor,Bar Chart (Multi-Color),38;81;84;47;21,1,2,81,84,96,95,1,0.169925001,4222,2026-02-19T03:28:06.236Z,
Esther,43,multicolor,Bar Chart (Multi-Color),24;23;81;71;3,1,2,23,81,28,25,3,1.64385619,9228,2026-02-19T03:28:15.465Z,
Esther,44,multicolor,Bar Chart (Multi-Color),70;78;36;23;45,1,2,78,36,46,47,1,0.169925001,4614,2026-02-19T03:28:20.080Z,
Esther,45,gradient,Bar Chart (Gradient),57;78;28;30;16,1,2,78,28,36,40,4,2.044394119,6631,2026-02-19T03:28:26.712Z,
Esther,46,multicolor,Bar Chart (Multi-Color),25;79;2;98;83,1,2,79,2,3,5,2,1.087462841,4018,2026-02-19T03:28:30.731Z,
Esther,47,gradient,Bar Chart (Gradient),46;51;25;33;59,1,2,51,25,49,50,1,0.169925001,5829,2026-02-19T03:28:36.562Z,
Esther,48,multicolor,Bar Chart (Multi-Color),86;66;19;59;89,1,2,66,19,29,37,8,3.022367813,12403,2026-02-19T03:28:48.966Z,
Esther,49,bw,Bar Chart (B&W),40;11;58;62;51,1,2,11,58,19,20,1,0.169925001,4567,2026-02-19T03:28:53.535Z,
Esther,50,bw,Bar Chart (B&W),88;70;7;10;43,1,2,70,7,10,17,7,2.832890014,8094,2026-02-19T03:29:01.630Z,
Esther,51,bw,Bar Chart (B&W),97;14;6;90;27,1,2,14,6,43,50,7,2.832890014,4384,2026-02-19T03:29:06.015Z,
Esther,52,bw,Bar Chart (B&W),66;71;35;28;97,1,2,71,35,49,50,1,0.169925001,4147,2026-02-19T03:29:10.164Z,
Esther,53,gradient,Bar Chart (Gradient),23;62;98;64;74,1,2,62,98,63,65,2,1.087462841,13497,2026-02-19T03:29:23.664Z,
Esther,54,multicolor,Bar Chart (Multi-Color),7;71;55;10;56,1,2,71,55,77,80,3,1.64385619,4248,2026-02-19T03:29:27.913Z,
Esther,55,gradient,Bar Chart (Gradient),45;57;31;80;64,1,2,57,31,54,55,1,0.169925001,7019,2026-02-19T03:29:34.934Z,
Esther,56,gradient,Bar Chart (Gradient),82;61;46;19;28,1,2,61,46,75,75,0,0,11560,2026-02-19T03:29:46.496Z,
Esther,57,multicolor,Bar Chart (Multi-Color),75;79;10;48;80,1,2,79,10,13,17,4,2.044394119,14585,2026-02-19T03:30:01.082Z,
Esther,58,bw,Bar Chart (B&W),67;15;96;11;52,1,2,15,96,16,12,4,2.044394119,6581,2026-02-19T03:30:07.665Z,
Esther,59,bw,Bar Chart (B&W),96;43;48;34;85,1,2,43,48,90,88,2,1.087462841,6718,2026-02-19T03:30:14.385Z,
Esther,60,gradient,Bar Chart (Gradient),48;96;3;55;27,1,2,96,3,3,5,2,1.087462841,3974,2026-02-19T03:30:18.361Z,
Julia,1,bw,Bar Chart (B&W),56;50;77;62;12,1,2,50,77,65,75,10,3.3398500028846247,62609,2026-02-19T22:29:21.002Z,
Julia,2,multicolor,Bar Chart (Multi-Color),99;56;11;37;97,1,2,56,11,20,10,10,3.3398500028846247,8940,2026-02-19T22:29:29.946Z,
Julia,3,multicolor,Bar Chart (Multi-Color),33;85;24;5;90,1,2,85,24,28,15,13,3.7142455176661224,5359,2026-02-19T22:29:35.308Z,
Julia,4,multicolor,Bar Chart (Multi-Color),49;97;98;85;54,1,2,97,98,99,98,1,0.16992500144231237,3080,2026-02-19T22:29:38.391Z,
Julia,5,bw,Bar Chart (B&W),58;17;23;33;99,1,2,17,23,74,85,11,3.4757334309663976,6699,2026-02-19T22:29:45.092Z,
Julia,6,gradient,Bar Chart (Gradient),69;84;10;63;37,1,2,84,10,12,8,4,2.0443941193584534,5405,2026-02-19T22:29:50.503Z,
Julia,7,gradient,Bar Chart (Gradient),3;56;70;96;88,1,2,56,70,80,80,0,0,2766,2026-02-19T22:29:53.273Z,
Julia,8,gradient,Bar Chart (Gradient),49;22;54;47;16,1,2,22,54,41,35,6,2.6147098441152083,3888,2026-02-19T22:29:57.164Z,
Julia,9,gradient,Bar Chart (Gradient),81;80;77;84;21,1,2,80,77,96,99,3,1.6438561897747246,7925,2026-02-19T22:30:05.093Z,
Julia,10,gradient,Bar Chart (Gradient),33;12;30;15;28,1,2,12,30,40,40,0,0,5683,2026-02-19T22:30:10.779Z,
Julia,11,multicolor,Bar Chart (Multi-Color),61;14;39;72;56,1,2,14,39,36,30,6,2.6147098441152083,3448,2026-02-19T22:30:14.229Z,
Julia,12,gradient,Bar Chart (Gradient),3;21;24;62;42,1,2,21,24,88,80,8,3.0223678130284544,6419,2026-02-19T22:30:20.650Z,
Julia,13,bw,Bar Chart (B&W),48;65;37;86;18,1,2,65,37,57,60,3,1.6438561897747246,10404,2026-02-19T22:30:31.057Z,
Julia,14,bw,Bar Chart (B&W),6;36;37;84;72,1,2,36,37,97,99.5,2.5,1.3923174227787602,8117,2026-02-19T22:30:39.176Z,
Julia,15,bw,Bar Chart (B&W),15;73;86;85;8,1,2,73,86,85,90,5,2.357552004618084,7045,2026-02-19T22:30:46.223Z,
Julia,16,gradient,Bar Chart (Gradient),82;94;51;26;48,1,2,94,51,54,60,6,2.6147098441152083,7623,2026-02-19T22:30:53.849Z,
Julia,17,multicolor,Bar Chart (Multi-Color),5;73;17;40;86,1,2,73,17,23,17,6,2.6147098441152083,5650,2026-02-19T22:30:59.501Z,
Julia,18,gradient,Bar Chart (Gradient),23;25;11;70;87,1,2,25,11,44,50,6,2.6147098441152083,3163,2026-02-19T22:31:02.666Z,
Julia,19,bw,Bar Chart (B&W),11;5;83;25;51,1,2,5,83,6,8,2,1.0874628412503393,15255,2026-02-19T22:31:17.924Z,
Julia,20,bw,Bar Chart (B&W),8;94;66;91;84,1,2,94,66,70,75,5,2.357552004618084,8390,2026-02-19T22:31:26.316Z,
Julia,21,gradient,Bar Chart (Gradient),86;30;59;5;8,1,2,30,59,51,50,1,0.16992500144231237,2388,2026-02-19T22:31:28.709Z,
Julia,22,bw,Bar Chart (B&W),36;4;40;13;39,1,2,4,40,10,15,5,2.357552004618084,10279,2026-02-19T22:31:38.990Z,
Julia,23,multicolor,Bar Chart (Multi-Color),97;92;34;44;30,1,2,92,34,37,35,2,1.0874628412503393,4488,2026-02-19T22:31:43.480Z,
Julia,24,multicolor,Bar Chart (Multi-Color),26;22;46;18;86,1,2,22,46,48,60,12,3.599912842187128,5258,2026-02-19T22:31:48.742Z,
Julia,25,gradient,Bar Chart (Gradient),8;89;44;69;63,1,2,89,44,49,60,11,3.4757334309663976,9340,2026-02-19T22:31:58.085Z,
Julia,26,multicolor,Bar Chart (Multi-Color),39;8;78;20;66,1,2,8,78,10,10,0,0,2244,2026-02-19T22:32:00.333Z,
Julia,27,gradient,Bar Chart (Gradient),43;49;86;34;96,1,2,49,86,57,60,3,1.6438561897747246,23523,2026-02-19T22:32:23.859Z,
Julia,28,multicolor,Bar Chart (Multi-Color),49;90;58;64;21,1,2,90,58,64,70,6,2.6147098441152083,4321,2026-02-19T22:32:28.183Z,
Julia,29,gradient,Bar Chart (Gradient),71;79;61;32;53,1,2,79,61,77,76,1,0.16992500144231237,6536,2026-02-19T22:32:34.721Z,
Julia,30,gradient,Bar Chart (Gradient),69;14;18;97;41,1,2,14,18,78,80,2,1.0874628412503393,10102,2026-02-19T22:32:44.828Z,
Julia,31,bw,Bar Chart (B&W),95;16;59;37;94,1,2,16,59,27,30,3,1.6438561897747246,17820,2026-02-19T22:33:02.650Z,
Julia,32,bw,Bar Chart (B&W),66;87;93;38;64,1,2,87,93,94,95,1,0.16992500144231237,3720,2026-02-19T22:33:06.372Z,
Julia,33,gradient,Bar Chart (Gradient),58;99;17;77;56,1,2,99,17,17,20,3,1.6438561897747246,4624,2026-02-19T22:33:11.000Z,
Julia,34,multicolor,Bar Chart (Multi-Color),18;6;39;55;91,1,2,6,39,15,20,5,2.357552004618084,7560,2026-02-19T22:33:18.562Z,
Julia,35,bw,Bar Chart (B&W),37;15;87;78;51,1,2,15,87,17,20,3,1.6438561897747246,4880,2026-02-19T22:33:23.445Z,
Julia,36,multicolor,Bar Chart (Multi-Color),99;71;33;70;4,1,2,71,33,46,50,4,2.0443941193584534,12773,2026-02-19T22:33:36.221Z,
Julia,37,multicolor,Bar Chart (Multi-Color),89;11;18;16;20,1,2,11,18,61,60,1,0.16992500144231237,6360,2026-02-19T22:33:42.584Z,
Julia,38,bw,Bar Chart (B&W),71;43;13;92;41,1,2,43,13,30,35,5,2.357552004618084,4237,2026-02-19T22:33:46.823Z,
Julia,39,gradient,Bar Chart (Gradient),92;79;37;80;46,1,2,79,37,47,55,8,3.0223678130284544,3196,2026-02-19T22:33:50.022Z,
Julia,40,bw,Bar Chart (B&W),4;83;10;49;27,1,2,83,10,12,15,3,1.6438561897747246,4512,2026-02-19T22:33:54.536Z,
Julia,41,bw,Bar Chart (B&W),44;49;72;30;23,1,2,49,72,68,70,2,1.0874628412503393,5980,2026-02-19T22:34:00.518Z,
Julia,42,multicolor,Bar Chart (Multi-Color),2;8;87;32;85,1,2,8,87,9,17,8,3.0223678130284544,3897,2026-02-19T22:34:04.417Z,
Julia,43,bw,Bar Chart (B&W),3;59;26;21;32,1,2,59,26,44,50,6,2.6147098441152083,6597,2026-02-19T22:34:11.017Z,
Julia,44,bw,Bar Chart (B&W),86;51;71;77;32,1,2,51,71,72,65,7,2.8328900141647417,4933,2026-02-19T22:34:15.952Z,
Julia,45,bw,Bar Chart (B&W),55;11;26;32;66,1,2,11,26,42,50,8,3.0223678130284544,3405,2026-02-19T22:34:19.359Z,
Julia,46,multicolor,Bar Chart (Multi-Color),7;18;81;95;14,1,2,18,81,22,30,8,3.0223678130284544,2474,2026-02-19T22:34:21.835Z,
Julia,47,multicolor,Bar Chart (Multi-Color),74;47;61;34;23,1,2,47,61,77,70,7,2.8328900141647417,2927,2026-02-19T22:34:24.764Z,
Julia,48,multicolor,Bar Chart (Multi-Color),92;56;83;48;25,1,2,56,83,67,70,3,1.6438561897747246,6872,2026-02-19T22:34:31.638Z,
Julia,49,gradient,Bar Chart (Gradient),43;98;75;47;2,1,2,98,75,77,75,2,1.0874628412503393,3901,2026-02-19T22:34:35.542Z,
Julia,50,gradient,Bar Chart (Gradient),72;15;66;38;25,1,2,15,66,23,30,7,2.8328900141647417,3338,2026-02-19T22:34:38.883Z,
Julia,51,multicolor,Bar Chart (Multi-Color),97;69;75;36;76,1,2,69,75,92,90,2,1.0874628412503393,5507,2026-02-19T22:34:44.391Z,
Julia,52,multicolor,Bar Chart (Multi-Color),24;32;90;22;43,1,2,32,90,36,35,1,0.16992500144231237,5396,2026-02-19T22:34:49.789Z,
Julia,53,bw,Bar Chart (B&W),27;91;23;48;14,1,2,91,23,25,33,8,3.0223678130284544,5134,2026-02-19T22:34:54.925Z,
Julia,54,multicolor,Bar Chart (Multi-Color),29;38;77;24;91,1,2,38,77,49,60,11,3.4757334309663976,4192,2026-02-19T22:34:59.119Z,
Julia,55,bw,Bar Chart (B&W),38;4;74;35;14,1,2,4,74,5,8,3,1.6438561897747246,6086,2026-02-19T22:35:05.208Z,
Julia,56,gradient,Bar Chart (Gradient),59;14;11;52;7,1,2,14,11,79,80,1,0.16992500144231237,4181,2026-02-19T22:35:09.392Z,
Julia,57,multicolor,Bar Chart (Multi-Color),31;88;45;21;42,1,2,88,45,51,45,6,2.6147098441152083,3504,2026-02-19T22:35:12.900Z,
Julia,58,gradient,Bar Chart (Gradient),70;98;83;2;52,1,2,98,83,85,85,0,0,2924,2026-02-19T22:35:15.826Z,
Julia,59,bw,Bar Chart (B&W),94;76;46;81;32,1,2,76,46,61,65,4,2.0443941193584534,5339,2026-02-19T22:35:21.167Z,
Julia,60,gradient,Bar Chart (Gradient),38;55;96;59;79,1,2,55,96,57,60,3,1.6438561897747246,4807,2026-02-19T22:35:25.977Z,
eggsandcheese,1,bw,Bar Chart (B&W),82;29;12;16;60,1,2,29,12,41,40,1,0.169925001,69092,2026-02-19T02:48:13.661Z,
eggsandcheese,2,bw,Bar Chart (B&W),99;5;91;19;22,1,2,5,91,5,3,2,1.087462841,8407,2026-02-19T02:48:22.077Z,
eggsandcheese,3,multicolor,Bar Chart (Multi-Color),92;77;98;58;14,1,2,77,98,79,95,16,4.011227255,12724,2026-02-19T02:48:34.803Z,
eggsandcheese,4,gradient,Bar Chart (Gradient),29;50;18;40;15,1,2,50,18,36,40,4,2.044394119,14464,2026-02-19T02:48:49.273Z,
eggsandcheese,5,multicolor,Bar Chart (Multi-Color),82;93;76;63;50,1,2,93,76,82,95,13,3.714245518,17341,2026-02-19T02:49:06.616Z,
eggsandcheese,6,bw,Bar Chart (B&W),29;76;25;31;79,1,2,76,25,33,35,2,1.087462841,15263,2026-02-19T02:49:21.882Z,
eggsandcheese,7,multicolor,Bar Chart (Multi-Color),26;47;61;8;4,1,2,47,61,77,90,13,3.714245518,12249,2026-02-19T02:49:34.133Z,
eggsandcheese,8,bw,Bar Chart (B&W),80;15;30;23;89,1,2,15,30,50,50,0,0,10086,2026-02-19T02:49:44.222Z,
eggsandcheese,9,bw,Bar Chart (B&W),48;83;25;71;14,1,2,83,25,30,30,0,0,20299,2026-02-19T02:50:04.524Z,
eggsandcheese,10,gradient,Bar Chart (Gradient),50;81;52;43;58,1,2,81,52,64,65,1,0.169925001,13431,2026-02-19T02:50:17.958Z,
eggsandcheese,11,gradient,Bar Chart (Gradient),68;70;80;17;3,1,2,70,80,88,95,7,2.832890014,15468,2026-02-19T02:50:33.428Z,
eggsandcheese,12,gradient,Bar Chart (Gradient),8;76;20;52;2,1,2,76,20,26,30,4,2.044394119,14143,2026-02-19T02:50:47.573Z,
eggsandcheese,13,multicolor,Bar Chart (Multi-Color),8;72;53;93;44,1,2,72,53,74,90,16,4.011227255,8923,2026-02-19T02:50:56.498Z,
eggsandcheese,14,bw,Bar Chart (B&W),11;25;30;39;24,1,2,25,30,83,95,12,3.599912842,9408,2026-02-19T02:51:05.908Z,
eggsandcheese,15,gradient,Bar Chart (Gradient),55;60;15;16;28,1,2,60,15,25,20,5,2.357552005,11044,2026-02-19T02:51:16.955Z,
eggsandcheese,16,multicolor,Bar Chart (Multi-Color),65;70;36;82;97,1,2,70,36,51,50,1,0.169925001,9738,2026-02-19T02:51:26.695Z,
eggsandcheese,17,gradient,Bar Chart (Gradient),86;18;73;97;8,1,2,18,73,25,20,5,2.357552005,6928,2026-02-19T02:51:33.625Z,
eggsandcheese,18,gradient,Bar Chart (Gradient),98;54;64;92;21,1,2,54,64,84,90,6,2.614709844,13307,2026-02-19T02:51:46.934Z,
eggsandcheese,19,multicolor,Bar Chart (Multi-Color),99;10;34;31;96,1,2,10,34,29,30,1,0.169925001,6937,2026-02-19T02:51:53.873Z,
eggsandcheese,20,bw,Bar Chart (B&W),71;34;58;39;24,1,2,34,58,59,65,6,2.614709844,8922,2026-02-19T02:52:02.797Z,
eggsandcheese,21,bw,Bar Chart (B&W),91;56;49;65;5,1,2,56,49,88,90,2,1.087462841,5847,2026-02-19T02:52:08.646Z,
eggsandcheese,22,gradient,Bar Chart (Gradient),29;64;71;89;85,1,2,64,71,90,95,5,2.357552005,11051,2026-02-19T02:52:19.699Z,
eggsandcheese,23,gradient,Bar Chart (Gradient),87;75;55;41;2,1,2,75,55,73,75,2,1.087462841,9257,2026-02-19T02:52:28.959Z,
eggsandcheese,24,gradient,Bar Chart (Gradient),28;56;83;31;27,1,2,56,83,67,70,3,1.64385619,8711,2026-02-19T02:52:37.672Z,
eggsandcheese,25,multicolor,Bar Chart (Multi-Color),38;82;77;22;16,1,2,82,77,94,97,3,1.64385619,9862,2026-02-19T02:52:47.537Z,
eggsandcheese,26,multicolor,Bar Chart (Multi-Color),24;97;30;44;48,1,2,97,30,31,30,1,0.169925001,14223,2026-02-19T02:53:01.761Z,
eggsandcheese,27,gradient,Bar Chart (Gradient),49;44;83;64;23,1,2,44,83,53,55,2,1.087462841,8189,2026-02-19T02:53:09.952Z,
eggsandcheese,28,gradient,Bar Chart (Gradient),5;26;87;29;15,1,2,26,87,30,40,10,3.339850003,13154,2026-02-19T02:53:23.109Z,
eggsandcheese,29,bw,Bar Chart (B&W),24;21;3;86;82,1,2,21,3,14,10,4,2.044394119,11282,2026-02-19T02:53:34.393Z,
eggsandcheese,30,gradient,Bar Chart (Gradient),65;61;69;85;39,1,2,61,69,88,95,7,2.832890014,7800,2026-02-19T02:53:42.195Z,
eggsandcheese,31,multicolor,Bar Chart (Multi-Color),70;46;25;37;79,1,2,46,25,54,50,4,2.044394119,8222,2026-02-19T02:53:50.419Z,
eggsandcheese,32,bw,Bar Chart (B&W),62;2;72;68;5,1,2,2,72,3,3,0,0,7415,2026-02-19T02:53:57.836Z,
eggsandcheese,33,multicolor,Bar Chart (Multi-Color),44;7;98;18;69,1,2,7,98,7,10,3,1.64385619,9976,2026-02-19T02:54:07.814Z,
eggsandcheese,34,bw,Bar Chart (B&W),41;99;19;97;62,1,2,99,19,19,15,4,2.044394119,9073,2026-02-19T02:54:16.889Z,
eggsandcheese,35,multicolor,Bar Chart (Multi-Color),73;28;26;10;29,1,2,28,26,93,98,5,2.357552005,10625,2026-02-19T02:54:27.516Z,
eggsandcheese,36,bw,Bar Chart (B&W),35;80;7;79;31,1,2,80,7,9,10,1,0.169925001,9519,2026-02-19T02:54:37.038Z,
eggsandcheese,37,multicolor,Bar Chart (Multi-Color),94;36;18;48;92,1,2,36,18,50,50,0,0,6224,2026-02-19T02:54:43.263Z,
eggsandcheese,38,multicolor,Bar Chart (Multi-Color),61;58;68;31;62,1,2,58,68,85,95,10,3.339850003,9891,2026-02-19T02:54:53.155Z,
eggsandcheese,39,multicolor,Bar Chart (Multi-Color),21;55;60;97;4,1,2,55,60,92,97,5,2.357552005,9974,2026-02-19T02:55:03.131Z,
eggsandcheese,40,bw,Bar Chart (B&W),57;54;98;31;39,1,2,54,98,55,60,5,2.357552005,6674,2026-02-19T02:55:09.807Z,
eggsandcheese,41,gradient,Bar Chart (Gradient),38;13;46;47;8,1,2,13,46,28,40,12,3.599912842,14567,2026-02-19T02:55:24.377Z,
eggsandcheese,42,bw,Bar Chart (B&W),2;58;27;18;19,1,2,58,27,47,50,3,1.64385619,5142,2026-02-19T02:55:29.521Z,
eggsandcheese,43,gradient,Bar Chart (Gradient),96;47;83;93;87,1,2,47,83,57,60,3,1.64385619,7098,2026-02-19T02:55:36.621Z,
eggsandcheese,44,gradient,Bar Chart (Gradient),53;5;7;85;25,1,2,5,7,71,60,11,3.475733431,17121,2026-02-19T02:55:53.745Z,
eggsandcheese,45,bw,Bar Chart (B&W),5;55;44;60;70,1,2,55,44,80,90,10,3.339850003,8320,2026-02-19T02:56:02.068Z,
eggsandcheese,46,gradient,Bar Chart (Gradient),16;45;20;42;67,1,2,45,20,44,50,6,2.614709844,8870,2026-02-19T02:56:10.940Z,
eggsandcheese,47,gradient,Bar Chart (Gradient),57;43;14;60;5,1,2,43,14,33,35,2,1.087462841,8646,2026-02-19T02:56:19.588Z,
eggsandcheese,48,gradient,Bar Chart (Gradient),20;16;59;23;9,1,2,16,59,27,30,3,1.64385619,7932,2026-02-19T02:56:27.522Z,
eggsandcheese,49,multicolor,Bar Chart (Multi-Color),63;61;79;44;57,1,2,61,79,77,85,8,3.022367813,10179,2026-02-19T02:56:37.703Z,
eggsandcheese,50,multicolor,Bar Chart (Multi-Color),82;19;92;36;52,1,2,19,92,21,20,1,0.169925001,7046,2026-02-19T02:56:44.751Z,
eggsandcheese,51,gradient,Bar Chart (Gradient),46;2;11;95;7,1,2,2,11,18,15,3,1.64385619,11442,2026-02-19T02:56:56.195Z,
eggsandcheese,52,bw,Bar Chart (B&W),12;96;53;92;39,1,2,96,53,55,55,0,0,10840,2026-02-19T02:57:07.037Z,
eggsandcheese,53,multicolor,Bar Chart (Multi-Color),61;37;71;48;63,1,2,37,71,52,55,3,1.64385619,10134,2026-02-19T02:57:17.173Z,
eggsandcheese,54,multicolor,Bar Chart (Multi-Color),19;58;53;20;15,1,2,58,53,91,95,4,2.044394119,6835,2026-02-19T02:57:24.009Z,
eggsandcheese,55,bw,Bar Chart (B&W),68;92;42;39;75,1,2,92,42,46,45,1,0.169925001,8891,2026-02-19T02:57:32.902Z,
eggsandcheese,56,multicolor,Bar Chart (Multi-Color),19;54;71;31;74,1,2,54,71,76,80,4,2.044394119,8807,2026-02-19T02:57:41.710Z,
eggsandcheese,57,bw,Bar Chart (B&W),56;91;85;76;61,1,2,91,85,93,95,2,1.087462841,10910,2026-02-19T02:57:52.622Z,
eggsandcheese,58,bw,Bar Chart (B&W),65;41;3;40;39,1,2,41,3,7,5,2,1.087462841,7387,2026-02-19T02:58:00.012Z,
eggsandcheese,59,bw,Bar Chart (B&W),78;62;34;63;53,1,2,62,34,55,55,0,0,9048,2026-02-19T02:58:09.062Z,
eggsandcheese,60,multicolor,Bar Chart (Multi-Color),16;55;59;82;22,1,2,55,59,93,95,2,1.087462841,10629,2026-02-19T02:58:19.694Z,
hsmith,1,multicolor,Bar Chart (Multi-Color),58;79;19;5;57,1,2,79,19,24,25,1,0.169925001,16195,2026-02-18T19:31:19.850Z,
hsmith,2,multicolor,Bar Chart (Multi-Color),47;17;93;15;87,1,2,17,93,18,15,3,1.64385619,7132,2026-02-18T19:31:26.990Z,
hsmith,3,multicolor,Bar Chart (Multi-Color),75;19;79;7;67,1,2,19,79,24,25,1,0.169925001,3008,2026-02-18T19:31:30.000Z,
hsmith,4,gradient,Bar Chart (Gradient),63;77;38;48;34,1,2,77,38,49,50,1,0.169925001,6860,2026-02-18T19:31:36.864Z,
hsmith,5,multicolor,Bar Chart (Multi-Color),41;56;31;38;3,1,2,56,31,55,60,5,2.357552005,4799,2026-02-18T19:31:41.664Z,
hsmith,6,bw,Bar Chart (B&W),34;58;54;22;60,1,2,58,54,93,95,2,1.087462841,4256,2026-02-18T19:31:45.922Z,
hsmith,7,multicolor,Bar Chart (Multi-Color),88;14;50;71;52,1,2,14,50,28,35,7,2.832890014,4139,2026-02-18T19:31:50.062Z,
hsmith,8,gradient,Bar Chart (Gradient),30;53;63;25;93,1,2,53,63,84,85,1,0.169925001,4592,2026-02-18T19:31:54.656Z,
hsmith,9,bw,Bar Chart (B&W),2;49;32;39;56,1,2,49,32,65,75,10,3.339850003,7732,2026-02-18T19:32:02.389Z,
hsmith,10,multicolor,Bar Chart (Multi-Color),85;54;73;80;36,1,2,54,73,74,82,8,3.022367813,7726,2026-02-18T19:32:10.116Z,
hsmith,11,bw,Bar Chart (B&W),93;62;94;10;63,1,2,62,94,66,65,1,0.169925001,9931,2026-02-18T19:32:20.048Z,
hsmith,12,gradient,Bar Chart (Gradient),3;64;4;44;86,1,2,64,4,6,5,1,0.169925001,2816,2026-02-18T19:32:22.866Z,
hsmith,13,bw,Bar Chart (B&W),13;19;86;97;82,1,2,19,86,22,20,2,1.087462841,7662,2026-02-18T19:32:30.529Z,
hsmith,14,multicolor,Bar Chart (Multi-Color),6;8;86;18;56,1,2,8,86,9,5,4,2.044394119,4127,2026-02-18T19:32:34.658Z,
hsmith,15,gradient,Bar Chart (Gradient),88;67;27;47;28,1,2,67,27,40,45,5,2.357552005,8147,2026-02-18T19:32:42.807Z,
hsmith,16,bw,Bar Chart (B&W),17;95;76;35;51,1,2,95,76,80,85,5,2.357552005,7003,2026-02-18T19:32:49.811Z,
hsmith,17,bw,Bar Chart (B&W),7;99;98;49;20,1,2,99,98,99,98,1,0.169925001,65804,2026-02-18T19:33:55.616Z,
hsmith,18,bw,Bar Chart (B&W),51;8;69;64;92,1,2,8,69,12,8,4,2.044394119,6642,2026-02-18T19:34:02.259Z,
hsmith,19,multicolor,Bar Chart (Multi-Color),57;93;70;55;73,1,2,93,70,75,80,5,2.357552005,5032,2026-02-18T19:34:07.292Z,
hsmith,20,bw,Bar Chart (B&W),33;42;26;2;29,1,2,42,26,62,75,13,3.714245518,4144,2026-02-18T19:34:11.437Z,
hsmith,21,bw,Bar Chart (B&W),6;3;33;56;49,1,2,3,33,9,8,1,0.169925001,5365,2026-02-18T19:34:16.804Z,
hsmith,22,gradient,Bar Chart (Gradient),47;83;33;72;86,1,2,83,33,40,40,0,0,3533,2026-02-18T19:34:20.339Z,
hsmith,23,gradient,Bar Chart (Gradient),94;74;32;90;60,1,2,74,32,43,40,3,1.64385619,3081,2026-02-18T19:34:23.422Z,
hsmith,24,gradient,Bar Chart (Gradient),84;50;74;22;52,1,2,50,74,68,75,7,2.832890014,9209,2026-02-18T19:34:32.633Z,
hsmith,25,gradient,Bar Chart (Gradient),39;54;57;81;9,1,2,54,57,95,95,0,0,3486,2026-02-18T19:34:36.120Z,
hsmith,26,bw,Bar Chart (B&W),99;62;95;35;70,1,2,62,95,65,80,15,3.918863237,7123,2026-02-18T19:34:43.245Z,
hsmith,27,bw,Bar Chart (B&W),78;8;44;42;94,1,2,8,44,18,17,1,0.169925001,6096,2026-02-18T19:34:49.342Z,
hsmith,28,bw,Bar Chart (B&W),77;13;91;67;39,1,2,13,91,14,8,6,2.614709844,10178,2026-02-18T19:34:59.522Z,
hsmith,29,multicolor,Bar Chart (Multi-Color),3;58;53;24;66,1,2,58,53,91,95,4,2.044394119,4012,2026-02-18T19:35:03.535Z,
hsmith,30,bw,Bar Chart (B&W),14;3;37;2;51,1,2,3,37,8,5,3,1.64385619,4723,2026-02-18T19:35:08.259Z,
hsmith,31,gradient,Bar Chart (Gradient),98;90;9;25;37,1,2,90,9,10,5,5,2.357552005,3406,2026-02-18T19:35:11.666Z,
hsmith,32,multicolor,Bar Chart (Multi-Color),53;83;59;43;9,1,2,83,59,71,73,2,1.087462841,11655,2026-02-18T19:35:23.322Z,
hsmith,33,multicolor,Bar Chart (Multi-Color),49;84;61;96;2,1,2,84,61,73,75,2,1.087462841,4855,2026-02-18T19:35:28.178Z,
hsmith,34,multicolor,Bar Chart (Multi-Color),10;34;39;49;60,1,2,34,39,87,90,3,1.64385619,3287,2026-02-18T19:35:31.466Z,
hsmith,35,gradient,Bar Chart (Gradient),99;33;5;67;84,1,2,33,5,15,15,0,0,4711,2026-02-18T19:35:36.179Z,
hsmith,36,multicolor,Bar Chart (Multi-Color),23;9;85;83;44,1,2,9,85,11,18,7,2.832890014,8358,2026-02-18T19:35:44.538Z,
hsmith,37,multicolor,Bar Chart (Multi-Color),73;86;40;33;13,1,2,86,40,47,45,2,1.087462841,4775,2026-02-18T19:35:49.314Z,
hsmith,38,bw,Bar Chart (B&W),18;56;35;12;30,1,2,56,35,63,70,7,2.832890014,6751,2026-02-18T19:35:56.067Z,
hsmith,39,bw,Bar Chart (B&W),95;19;37;4;5,1,2,19,37,51,60,9,3.189824559,2802,2026-02-18T19:35:58.870Z,
hsmith,40,gradient,Bar Chart (Gradient),50;28;53;95;6,1,2,28,53,53,60,7,2.832890014,2596,2026-02-18T19:36:01.468Z,
hsmith,41,gradient,Bar Chart (Gradient),86;57;16;7;31,1,2,57,16,28,35,7,2.832890014,13713,2026-02-18T19:36:15.183Z,
hsmith,42,gradient,Bar Chart (Gradient),18;80;62;28;99,1,2,80,62,78,85,7,2.832890014,4671,2026-02-18T19:36:19.855Z,
hsmith,43,gradient,Bar Chart (Gradient),2;3;13;56;28,1,2,3,13,23,10,13,3.714245518,4859,2026-02-18T19:36:24.716Z,
hsmith,44,multicolor,Bar Chart (Multi-Color),27;29;2;40;43,1,2,29,2,7,8,1,0.169925001,5893,2026-02-18T19:36:30.610Z,
hsmith,45,gradient,Bar Chart (Gradient),79;59;50;96;82,1,2,59,50,85,90,5,2.357552005,3602,2026-02-18T19:36:34.215Z,
hsmith,46,multicolor,Bar Chart (Multi-Color),30;11;87;55;40,1,2,11,87,13,12,1,0.169925001,5948,2026-02-18T19:36:40.165Z,
hsmith,47,bw,Bar Chart (B&W),96;60;82;94;68,1,2,60,82,73,80,7,2.832890014,3096,2026-02-18T19:36:43.263Z,
hsmith,48,bw,Bar Chart (B&W),24;61;69;77;79,1,2,61,69,88,93,5,2.357552005,4557,2026-02-18T19:36:47.821Z,
hsmith,49,gradient,Bar Chart (Gradient),41;95;9;46;74,1,2,95,9,9,7,2,1.087462841,7207,2026-02-18T19:36:55.030Z,
hsmith,50,bw,Bar Chart (B&W),2;58;56;84;6,1,2,58,56,97,98,1,0.169925001,3118,2026-02-18T19:36:58.149Z,
hsmith,51,gradient,Bar Chart (Gradient),3;20;92;97;61,1,2,20,92,22,23,1,0.169925001,8901,2026-02-18T19:37:07.052Z,
hsmith,52,gradient,Bar Chart (Gradient),83;30;52;35;67,1,2,30,52,58,65,7,2.832890014,4499,2026-02-18T19:37:11.552Z,
hsmith,53,bw,Bar Chart (B&W),92;33;5;48;71,1,2,33,5,15,15,0,0,11935,2026-02-18T19:37:23.488Z,
hsmith,54,multicolor,Bar Chart (Multi-Color),96;16;24;3;80,1,2,16,24,67,75,8,3.022367813,11841,2026-02-18T19:37:35.330Z,
hsmith,55,gradient,Bar Chart (Gradient),3;77;65;27;29,1,2,77,65,84,90,6,2.614709844,4162,2026-02-18T19:37:39.495Z,
hsmith,56,bw,Bar Chart (B&W),77;4;43;10;56,1,2,4,43,9,10,1,0.169925001,2654,2026-02-18T19:37:42.150Z,
hsmith,57,multicolor,Bar Chart (Multi-Color),75;78;43;79;40,1,2,78,43,55,58,3,1.64385619,6105,2026-02-18T19:37:48.257Z,
hsmith,58,multicolor,Bar Chart (Multi-Color),65;41;16;95;82,1,2,41,16,39,40,1,0.169925001,8944,2026-02-18T19:37:57.202Z,
hsmith,59,multicolor,Bar Chart (Multi-Color),33;15;46;3;29,1,2,15,46,33,35,2,1.087462841,2232,2026-02-18T19:37:59.436Z,
hsmith,60,gradient,Bar Chart (Gradient),14;10;3;12;31,1,2,10,3,30,30,0,0,5009,2026-02-18T19:38:04.447Z,
sparkles,1,gradient,Bar Chart (Gradient),72;77;71;68;34,1,2,77,71,92,95,3,1.64385619,8663,2026-02-19T03:01:00.815Z,
sparkles,2,gradient,Bar Chart (Gradient),39;87;11;90;35,1,2,87,11,13,14,1,0.169925001,8175,2026-02-19T03:01:08.993Z,
sparkles,3,gradient,Bar Chart (Gradient),84;83;37;52;91,1,2,83,37,45,50,5,2.357552005,3128,2026-02-19T03:01:12.123Z,
sparkles,4,bw,Bar Chart (B&W),61;55;70;97;90,1,2,55,70,79,86,7,2.832890014,4727,2026-02-19T03:01:16.852Z,
sparkles,5,gradient,Bar Chart (Gradient),50;42;21;98;2,1,2,42,21,50,55,5,2.357552005,4963,2026-02-19T03:01:21.817Z,
sparkles,6,multicolor,Bar Chart (Multi-Color),99;33;29;32;86,1,2,33,29,88,95,7,2.832890014,3958,2026-02-19T03:01:25.778Z,
sparkles,7,multicolor,Bar Chart (Multi-Color),26;71;87;95;84,1,2,71,87,82,85,3,1.64385619,9624,2026-02-19T03:01:35.404Z,
sparkles,8,multicolor,Bar Chart (Multi-Color),69;47;52;66;71,1,2,47,52,90,95,5,2.357552005,1700,2026-02-19T03:01:37.105Z,
sparkles,9,bw,Bar Chart (B&W),11;98;7;46;21,1,2,98,7,7,7,0,0,3465,2026-02-19T03:01:40.572Z,
sparkles,10,gradient,Bar Chart (Gradient),7;44;79;59;35,1,2,44,79,56,55,1,0.169925001,3237,2026-02-19T03:01:43.811Z,
sparkles,11,gradient,Bar Chart (Gradient),15;35;34;32;19,1,2,35,34,97,98,1,0.169925001,3828,2026-02-19T03:01:47.641Z,
sparkles,12,multicolor,Bar Chart (Multi-Color),64;73;4;35;74,1,2,73,4,5,5,0,0,2382,2026-02-19T03:01:50.026Z,
sparkles,13,gradient,Bar Chart (Gradient),52;48;90;68;31,1,2,48,90,53,60,7,2.832890014,6975,2026-02-19T03:01:57.003Z,
sparkles,14,multicolor,Bar Chart (Multi-Color),83;23;72;30;96,1,2,23,72,32,35,3,1.64385619,3506,2026-02-19T03:02:00.510Z,
sparkles,15,multicolor,Bar Chart (Multi-Color),10;61;95;97;18,1,2,61,95,64,65,1,0.169925001,5713,2026-02-19T03:02:06.224Z,
sparkles,16,bw,Bar Chart (B&W),72;73;37;42;78,1,2,73,37,51,53,2,1.087462841,5115,2026-02-19T03:02:11.340Z,
sparkles,17,bw,Bar Chart (B&W),89;6;88;45;98,1,2,6,88,7,5,2,1.087462841,2121,2026-02-19T03:02:13.463Z,
sparkles,18,multicolor,Bar Chart (Multi-Color),21;77;57;47;86,1,2,77,57,74,85,11,3.475733431,13339,2026-02-19T03:02:26.803Z,
sparkles,19,multicolor,Bar Chart (Multi-Color),42;23;4;53;92,1,2,23,4,17,8,9,3.189824559,3528,2026-02-19T03:02:30.334Z,
sparkles,20,gradient,Bar Chart (Gradient),23;52;80;4;73,1,2,52,80,65,65,0,0,5297,2026-02-19T03:02:35.632Z,
sparkles,21,bw,Bar Chart (B&W),30;78;51;39;16,1,2,78,51,65,72,7,2.832890014,4608,2026-02-19T03:02:40.242Z,
sparkles,22,multicolor,Bar Chart (Multi-Color),7;42;58;16;25,1,2,42,58,72,80,8,3.022367813,2564,2026-02-19T03:02:42.808Z,
sparkles,23,gradient,Bar Chart (Gradient),25;66;29;65;5,1,2,66,29,44,47,3,1.64385619,2978,2026-02-19T03:02:45.788Z,
sparkles,24,bw,Bar Chart (B&W),88;94;83;31;13,1,2,94,83,88,92,4,2.044394119,3658,2026-02-19T03:02:49.447Z,
sparkles,25,multicolor,Bar Chart (Multi-Color),6;61;69;20;8,1,2,61,69,88,90,2,1.087462841,4178,2026-02-19T03:02:53.627Z,
sparkles,26,bw,Bar Chart (B&W),92;87;72;78;79,1,2,87,72,83,85,2,1.087462841,5769,2026-02-19T03:02:59.398Z,
sparkles,27,bw,Bar Chart (B&W),26;21;19;2;18,1,2,21,19,90,90,0,0,3176,2026-02-19T03:03:02.576Z,
sparkles,28,bw,Bar Chart (B&W),52;11;63;60;16,1,2,11,63,17,18,1,0.169925001,8881,2026-02-19T03:03:11.459Z,
sparkles,29,bw,Bar Chart (B&W),22;78;44;27;60,1,2,78,44,56,22,34,5.092757141,2334,2026-02-19T03:03:13.795Z,
sparkles,30,bw,Bar Chart (B&W),72;8;48;96;55,1,2,8,48,17,18,1,0.169925001,4650,2026-02-19T03:03:18.446Z,
sparkles,31,gradient,Bar Chart (Gradient),97;79;94;2;54,1,2,79,94,84,90,6,2.614709844,9836,2026-02-19T03:03:28.285Z,
sparkles,32,gradient,Bar Chart (Gradient),50;93;42;23;14,1,2,93,42,45,47,2,1.087462841,2711,2026-02-19T03:03:30.998Z,
sparkles,33,multicolor,Bar Chart (Multi-Color),21;86;70;85;6,1,2,86,70,81,90,9,3.189824559,11110,2026-02-19T03:03:42.110Z,
sparkles,34,bw,Bar Chart (B&W),93;75;35;25;6,1,2,75,35,47,50,3,1.64385619,3768,2026-02-19T03:03:45.880Z,
sparkles,35,gradient,Bar Chart (Gradient),68;4;14;83;90,1,2,4,14,29,33,4,2.044394119,3239,2026-02-19T03:03:49.121Z,
sparkles,36,bw,Bar Chart (B&W),87;14;32;51;78,1,2,14,32,44,45,1,0.169925001,3320,2026-02-19T03:03:52.443Z,
sparkles,37,gradient,Bar Chart (Gradient),67;31;61;78;21,1,2,31,61,51,55,4,2.044394119,2183,2026-02-19T03:03:54.628Z,
sparkles,38,multicolor,Bar Chart (Multi-Color),56;20;35;55;87,1,2,20,35,57,55,2,1.087462841,7862,2026-02-19T03:04:02.491Z,
sparkles,39,gradient,Bar Chart (Gradient),2;41;69;3;73,1,2,41,69,59,65,6,2.614709844,6648,2026-02-19T03:04:09.142Z,
sparkles,40,bw,Bar Chart (B&W),8;10;19;77;76,1,2,10,19,53,50,3,1.64385619,3117,2026-02-19T03:04:12.261Z,
sparkles,41,multicolor,Bar Chart (Multi-Color),5;80;10;19;29,1,2,80,10,13,15,2,1.087462841,3500,2026-02-19T03:04:15.763Z,
sparkles,42,multicolor,Bar Chart (Multi-Color),50;39;99;27;85,1,2,39,99,39,42,3,1.64385619,5768,2026-02-19T03:04:21.532Z,
sparkles,43,multicolor,Bar Chart (Multi-Color),60;58;73;29;35,1,2,58,73,79,84,5,2.357552005,3300,2026-02-19T03:04:24.834Z,
sparkles,44,bw,Bar Chart (B&W),38;8;3;23;5,1,2,8,3,38,30,8,3.022367813,5617,2026-02-19T03:04:30.453Z,
sparkles,45,gradient,Bar Chart (Gradient),20;32;49;9;98,1,2,32,49,65,65,0,0,6707,2026-02-19T03:04:37.162Z,
sparkles,46,gradient,Bar Chart (Gradient),4;94;86;3;98,1,2,94,86,91,91,0,0,4339,2026-02-19T03:04:41.504Z,
sparkles,47,multicolor,Bar Chart (Multi-Color),58;21;45;7;50,1,2,21,45,47,45,2,1.087462841,4376,2026-02-19T03:04:45.882Z,
sparkles,48,gradient,Bar Chart (Gradient),51;53;7;98;91,1,2,53,7,13,10,3,1.64385619,6153,2026-02-19T03:04:52.037Z,
sparkles,49,multicolor,Bar Chart (Multi-Color),18;11;79;41;24,1,2,11,79,14,16,2,1.087462841,5218,2026-02-19T03:04:57.257Z,
sparkles,50,bw,Bar Chart (B&W),80;58;24;51;50,1,2,58,24,41,48,7,2.832890014,3299,2026-02-19T03:05:00.558Z,
sparkles,51,multicolor,Bar Chart (Multi-Color),46;72;64;33;63,1,2,72,64,89,93,4,2.044394119,6553,2026-02-19T03:05:07.113Z,
sparkles,52,bw,Bar Chart (B&W),46;26;12;4;55,1,2,26,12,46,48,2,1.087462841,5398,2026-02-19T03:05:12.513Z,
sparkles,53,bw,Bar Chart (B&W),8;23;45;80;72,1,2,23,45,51,60,9,3.189824559,5803,2026-02-19T03:05:18.319Z,
sparkles,54,multicolor,Bar Chart (Multi-Color),37;53;10;38;63,1,2,53,10,19,20,1,0.169925001,4244,2026-02-19T03:05:22.565Z,
sparkles,55,bw,Bar Chart (B&W),44;4;37;41;47,1,2,4,37,11,15,4,2.044394119,4378,2026-02-19T03:05:26.945Z,
sparkles,56,bw,Bar Chart (B&W),20;17;61;88;56,1,2,17,61,28,35,7,2.832890014,2799,2026-02-19T03:05:29.747Z,
sparkles,57,gradient,Bar Chart (Gradient),30;73;76;11;74,1,2,73,76,96,95,1,0.169925001,4353,2026-02-19T03:05:34.102Z,
sparkles,58,gradient,Bar Chart (Gradient),2;26;75;87;80,1,2,26,75,35,40,5,2.357552005,4102,2026-02-19T03:05:38.206Z,
sparkles,59,multicolor,Bar Chart (Multi-Color),37;53;70;33;15,1,2,53,70,76,75,1,0.169925001,8697,2026-02-19T03:05:46.906Z,
sparkles,60,gradient,Bar Chart (Gradient),53;28;72;25;18,1,2,28,72,39,40,1,0.169925001,2759,2026-02-19T03:05:49.667Z,
Eloisa,1,bw,Bar Chart (B&W),30;8;46;40;37,1,2,8,46,17,15,2,1.0874628412503393,11878,2026-02-19T22:36:32.021Z,
Eloisa,2,gradient,Bar Chart (Gradient),80;66;33;57;88,1,2,66,33,50,50,0,0,9794,2026-02-19T22:36:41.818Z,
Eloisa,3,multicolor,Bar Chart (Multi-Color),70;65;79;42;66,1,2,65,79,82,85,3,1.6438561897747246,58065,2026-02-19T22:37:39.886Z,
Eloisa,4,bw,Bar Chart (B&W),23;12;89;2;22,1,2,12,89,13,10,3,1.6438561897747246,15496,2026-02-19T22:37:55.385Z,
Eloisa,5,multicolor,Bar Chart (Multi-Color),93;4;34;30;55,1,2,4,34,12,10,2,1.0874628412503393,5162,2026-02-19T22:38:00.551Z,
Eloisa,6,gradient,Bar Chart (Gradient),8;6;32;84;22,1,2,6,32,19,10,9,3.189824558880017,7519,2026-02-19T22:38:08.073Z,
Eloisa,7,gradient,Bar Chart (Gradient),30;72;94;41;11,1,2,72,94,77,75,2,1.0874628412503393,6692,2026-02-19T22:38:14.767Z,
Eloisa,8,multicolor,Bar Chart (Multi-Color),72;24;26;46;97,1,2,24,26,92,97,5,2.357552004618084,5432,2026-02-19T22:38:20.202Z,
Eloisa,9,gradient,Bar Chart (Gradient),54;60;6;95;9,1,2,60,6,10,7,3,1.6438561897747246,9729,2026-02-19T22:38:29.934Z,
Eloisa,10,bw,Bar Chart (B&W),69;83;57;52;18,1,2,83,57,69,70,1,0.16992500144231237,9763,2026-02-19T22:38:39.700Z,
Eloisa,11,multicolor,Bar Chart (Multi-Color),71;10;96;83;24,1,2,10,96,10,9,1,0.16992500144231237,11865,2026-02-19T22:38:51.567Z,
Eloisa,12,multicolor,Bar Chart (Multi-Color),32;16;49;88;87,1,2,16,49,33,35,2,1.0874628412503393,6847,2026-02-19T22:38:58.417Z,
Eloisa,13,multicolor,Bar Chart (Multi-Color),25;44;90;62;22,1,2,44,90,49,42,7,2.8328900141647417,7114,2026-02-19T22:39:05.533Z,
Eloisa,14,bw,Bar Chart (B&W),80;94;40;28;76,1,2,94,40,43,40,3,1.6438561897747246,9515,2026-02-19T22:39:15.050Z,
Eloisa,15,gradient,Bar Chart (Gradient),79;86;99;80;66,1,2,86,99,87,90,3,1.6438561897747246,14412,2026-02-19T22:39:29.466Z,
Eloisa,16,gradient,Bar Chart (Gradient),59;8;69;60;97,1,2,8,69,12,13,1,0.16992500144231237,10315,2026-02-19T22:39:39.783Z,
Eloisa,17,bw,Bar Chart (B&W),55;15;99;73;13,1,2,15,99,15,20,5,2.357552004618084,8697,2026-02-19T22:39:48.482Z,
Eloisa,18,bw,Bar Chart (B&W),60;11;4;6;76,1,2,11,4,36,43,7,2.8328900141647417,35766,2026-02-19T22:40:24.248Z,
Eloisa,19,gradient,Bar Chart (Gradient),68;96;58;84;53,1,2,96,58,60,60,0,0,12281,2026-02-19T22:40:36.531Z,
Eloisa,20,bw,Bar Chart (B&W),72;56;43;64;58,1,2,56,43,77,60,17,4.098032082960526,12249,2026-02-19T22:40:48.781Z,
Eloisa,21,gradient,Bar Chart (Gradient),72;66;50;4;65,1,2,66,50,76,80,4,2.0443941193584534,25165,2026-02-19T22:41:13.948Z,
Eloisa,22,multicolor,Bar Chart (Multi-Color),99;91;23;10;38,1,2,91,23,25,25,0,0,13180,2026-02-19T22:41:27.129Z,
Eloisa,23,gradient,Bar Chart (Gradient),93;90;88;71;56,1,2,90,88,98,98,0,0,8944,2026-02-19T22:41:36.074Z,
Eloisa,24,multicolor,Bar Chart (Multi-Color),50;75;61;32;20,1,2,75,61,81,75,6,2.6147098441152083,8961,2026-02-19T22:41:45.037Z,
Eloisa,25,multicolor,Bar Chart (Multi-Color),53;71;10;87;79,1,2,71,10,14,12,2,1.0874628412503393,9816,2026-02-19T22:41:54.854Z,
Eloisa,26,bw,Bar Chart (B&W),6;81;61;25;17,1,2,81,61,75,80,5,2.357552004618084,11729,2026-02-19T22:42:06.585Z,
Eloisa,27,gradient,Bar Chart (Gradient),85;78;9;20;26,1,2,78,9,12,12.5,0.5,-0.678071905,15831,2026-02-19T22:42:22.420Z,
Eloisa,28,bw,Bar Chart (B&W),30;10;86;54;27,1,2,10,86,12,12.5,0.5,-0.678071905,4499,2026-02-19T22:42:26.922Z,
Eloisa,29,multicolor,Bar Chart (Multi-Color),74;52;82;80;90,1,2,52,82,63,65,2,1.0874628412503393,16127,2026-02-19T22:42:43.051Z,
Eloisa,30,bw,Bar Chart (B&W),79;29;52;82;43,1,2,29,52,56,60,4,2.0443941193584534,8732,2026-02-19T22:42:51.785Z,
Eloisa,31,multicolor,Bar Chart (Multi-Color),15;16;39;78;48,1,2,16,39,41,45,4,2.0443941193584534,5163,2026-02-19T22:42:56.951Z,
Eloisa,32,multicolor,Bar Chart (Multi-Color),76;53;70;86;42,1,2,53,70,76,25,51,5.675957032941749,11313,2026-02-19T22:43:08.266Z,
Eloisa,33,gradient,Bar Chart (Gradient),26;35;59;91;95,1,2,35,59,59,62.5,3.5,1.857980995127572,47034,2026-02-19T22:43:55.302Z,
Eloisa,34,bw,Bar Chart (B&W),93;12;38;31;8,1,2,12,38,32,33,1,0.16992500144231237,12629,2026-02-19T22:44:07.934Z,
Eloisa,35,multicolor,Bar Chart (Multi-Color),52;55;46;98;80,1,2,55,46,84,85,1,0.16992500144231237,12848,2026-02-19T22:44:20.783Z,
Eloisa,36,bw,Bar Chart (B&W),12;50;76;2;94,1,2,50,76,66,66,0,0,14965,2026-02-19T22:44:35.751Z,
Eloisa,37,gradient,Bar Chart (Gradient),92;35;39;91;36,1,2,35,39,90,93,3,1.6438561897747246,7546,2026-02-19T22:44:43.300Z,
Eloisa,38,bw,Bar Chart (B&W),35;54;8;39;52,1,2,54,8,15,12,3,1.6438561897747246,8982,2026-02-19T22:44:52.284Z,
Eloisa,39,bw,Bar Chart (B&W),90;13;56;27;57,1,2,13,56,23,17,6,2.6147098441152083,10050,2026-02-19T22:45:02.335Z,
Eloisa,40,bw,Bar Chart (B&W),28;93;17;5;86,1,2,93,17,18,20,2,1.0874628412503393,14879,2026-02-19T22:45:17.216Z,
Eloisa,41,bw,Bar Chart (B&W),66;36;14;74;94,1,2,36,14,39,40,1,0.16992500144231237,7783,2026-02-19T22:45:25.001Z,
Eloisa,42,bw,Bar Chart (B&W),9;31;27;32;75,1,2,31,27,87,90,3,1.6438561897747246,6115,2026-02-19T22:45:31.118Z,
Eloisa,43,multicolor,Bar Chart (Multi-Color),82;53;68;23;21,1,2,53,68,78,80,2,1.0874628412503393,15080,2026-02-19T22:45:46.200Z,
Eloisa,44,gradient,Bar Chart (Gradient),56;2;20;31;25,1,2,2,20,10,10,0,0,4198,2026-02-19T22:45:50.400Z,
Eloisa,45,multicolor,Bar Chart (Multi-Color),39;55;7;92;96,1,2,55,7,13,11,2,1.0874628412503393,7581,2026-02-19T22:45:57.983Z,
Eloisa,46,gradient,Bar Chart (Gradient),99;90;39;16;25,1,2,90,39,43,47,4,2.0443941193584534,7480,2026-02-19T22:46:05.466Z,
Eloisa,47,multicolor,Bar Chart (Multi-Color),97;23;40;24;29,1,2,23,40,57,60,3,1.6438561897747246,7581,2026-02-19T22:46:13.049Z,
Eloisa,48,gradient,Bar Chart (Gradient),40;72;55;66;36,1,2,72,55,76,75,1,0.16992500144231237,15099,2026-02-19T22:46:28.150Z,
Eloisa,49,multicolor,Bar Chart (Multi-Color),69;21;78;47;81,1,2,21,78,27,26,1,0.16992500144231237,13978,2026-02-19T22:46:42.134Z,
Eloisa,50,gradient,Bar Chart (Gradient),15;3;98;2;83,1,2,3,98,3,5,2,1.0874628412503393,9529,2026-02-19T22:46:51.666Z,
Eloisa,51,gradient,Bar Chart (Gradient),3;81;69;77;65,1,2,81,69,85,4,81,6.342074667999139,4064,2026-02-19T22:46:55.732Z,
Eloisa,52,multicolor,Bar Chart (Multi-Color),58;90;25;39;35,1,2,90,25,28,29,1,0.16992500144231237,7732,2026-02-19T22:47:03.466Z,
Eloisa,53,bw,Bar Chart (B&W),59;11;39;16;12,1,2,11,39,28,25,3,1.6438561897747246,8898,2026-02-19T22:47:12.365Z,
Eloisa,54,gradient,Bar Chart (Gradient),80;5;30;11;19,1,2,5,30,17,10,7,2.8328900141647417,14515,2026-02-19T22:47:26.883Z,
Eloisa,55,bw,Bar Chart (B&W),53;35;68;14;90,1,2,35,68,51,58,7,2.8328900141647417,8148,2026-02-19T22:47:35.033Z,
Eloisa,56,gradient,Bar Chart (Gradient),80;36;73;23;16,1,2,36,73,49,58,9,3.189824558880017,3964,2026-02-19T22:47:38.999Z,
Eloisa,57,multicolor,Bar Chart (Multi-Color),26;72;60;18;49,1,2,72,60,83,82,1,0.16992500144231237,10181,2026-02-19T22:47:49.182Z,
Eloisa,58,bw,Bar Chart (B&W),50;21;89;47;4,1,2,21,89,24,26,2,1.0874628412503393,13532,2026-02-19T22:48:02.716Z,
Eloisa,59,multicolor,Bar Chart (Multi-Color),5;49;48;75;42,1,2,49,48,98,99,1,0.16992500144231237,3615,2026-02-19T22:48:06.333Z,
Eloisa,60,gradient,Bar Chart (Gradient),87;60;58;55;44,1,2,60,58,97,97,0,0,4998,2026-02-19T22:48:11.333Z,
nikolai,1,bw,Bar Chart (B&W),34;14;41;27;12,1,2,14,41,34,33,1,0.16992500144231237,53569,2026-02-19T23:17:28.947Z,
nikolai,2,gradient,Bar Chart (Gradient),64;62;32;91;22,1,2,62,32,52,60,8,3.0223678130284544,9962,2026-02-19T23:17:38.926Z,
nikolai,3,multicolor,Bar Chart (Multi-Color),69;70;56;86;60,1,2,70,56,80,80,0,0,4306,2026-02-19T23:17:43.234Z,
nikolai,4,gradient,Bar Chart (Gradient),19;5;78;72;8,1,2,5,78,6,6,0,0,7120,2026-02-19T23:17:50.355Z,
nikolai,5,multicolor,Bar Chart (Multi-Color),36;94;69;48;90,1,2,94,69,73,70,3,1.6438561897747246,9593,2026-02-19T23:17:59.951Z,
nikolai,6,multicolor,Bar Chart (Multi-Color),19;22;67;31;18,1,2,22,67,33,40,7,2.8328900141647417,16434,2026-02-19T23:18:16.386Z,
nikolai,7,gradient,Bar Chart (Gradient),3;58;9;96;54,1,2,58,9,16,15,1,0.16992500144231237,14860,2026-02-19T23:18:31.247Z,
nikolai,8,gradient,Bar Chart (Gradient),6;3;8;90;39,1,2,3,8,38,44,6,2.6147098441152083,3897,2026-02-19T23:18:35.145Z,
nikolai,9,bw,Bar Chart (B&W),33;11;71;5;15,1,2,11,71,15,18,3,1.6438561897747246,3949,2026-02-19T23:18:39.098Z,
nikolai,10,gradient,Bar Chart (Gradient),46;57;81;47;30,1,2,57,81,70,82,12,3.599912842187128,4667,2026-02-19T23:18:43.768Z,
nikolai,11,bw,Bar Chart (B&W),30;46;92;31;9,1,2,46,92,50,60,10,3.3398500028846247,3625,2026-02-19T23:18:47.395Z,
nikolai,12,multicolor,Bar Chart (Multi-Color),99;7;22;37;80,1,2,7,22,32,33,1,0.16992500144231237,3868,2026-02-19T23:18:51.264Z,
nikolai,13,gradient,Bar Chart (Gradient),22;88;54;38;28,1,2,88,54,61,70,9,3.189824558880017,6116,2026-02-19T23:18:57.384Z,
nikolai,14,gradient,Bar Chart (Gradient),76;14;82;36;59,1,2,14,82,17,20,3,1.6438561897747246,4622,2026-02-19T23:19:02.010Z,
nikolai,15,gradient,Bar Chart (Gradient),67;29;70;91;10,1,2,29,70,41,40,1,0.16992500144231237,4449,2026-02-19T23:19:06.460Z,
nikolai,16,gradient,Bar Chart (Gradient),74;66;59;52;81,1,2,66,59,89,88,1,0.16992500144231237,4169,2026-02-19T23:19:10.630Z,
nikolai,17,gradient,Bar Chart (Gradient),63;80;89;48;43,1,2,80,89,90,92,2,1.0874628412503393,6673,2026-02-19T23:19:17.306Z,
nikolai,18,multicolor,Bar Chart (Multi-Color),59;95;30;57;21,1,2,95,30,32,33,1,0.16992500144231237,2854,2026-02-19T23:19:20.163Z,
nikolai,19,multicolor,Bar Chart (Multi-Color),92;59;74;9;85,1,2,59,74,80,87,7,2.8328900141647417,3936,2026-02-19T23:19:24.102Z,
nikolai,20,bw,Bar Chart (B&W),72;45;73;61;4,1,2,45,73,62,77,15,3.9188632372745946,4586,2026-02-19T23:19:28.691Z,
nikolai,21,bw,Bar Chart (B&W),82;69;48;65;83,1,2,69,48,70,80,10,3.3398500028846247,11044,2026-02-19T23:19:39.737Z,
nikolai,22,multicolor,Bar Chart (Multi-Color),55;97;24;75;70,1,2,97,24,25,33,8,3.0223678130284544,12062,2026-02-19T23:19:51.800Z,
nikolai,23,multicolor,Bar Chart (Multi-Color),80;64;12;68;53,1,2,64,12,19,17,2,1.0874628412503393,5607,2026-02-19T23:19:57.418Z,
nikolai,24,bw,Bar Chart (B&W),41;96;52;50;13,1,2,96,52,54,60,6,2.6147098441152083,4550,2026-02-19T23:20:01.970Z,
nikolai,25,bw,Bar Chart (B&W),85;70;87;62;90,1,2,70,87,80,87,7,2.8328900141647417,4158,2026-02-19T23:20:06.130Z,
nikolai,26,bw,Bar Chart (B&W),88;2;50;85;19,1,2,2,50,4,3,1,0.16992500144231237,3228,2026-02-19T23:20:09.361Z,
nikolai,27,gradient,Bar Chart (Gradient),21;56;19;53;37,1,2,56,19,34,35,1,0.16992500144231237,11150,2026-02-19T23:20:20.515Z,
nikolai,28,multicolor,Bar Chart (Multi-Color),68;18;80;61;51,1,2,18,80,23,28,5,2.357552004618084,4986,2026-02-19T23:20:25.504Z,
nikolai,29,gradient,Bar Chart (Gradient),20;14;97;98;94,1,2,14,97,14,26,12,3.599912842187128,11940,2026-02-19T23:20:37.448Z,
nikolai,30,bw,Bar Chart (B&W),42;67;85;4;84,1,2,67,85,79,88,9,3.189824558880017,5690,2026-02-19T23:20:43.140Z,
nikolai,31,multicolor,Bar Chart (Multi-Color),65;39;78;16;77,1,2,39,78,50,55,5,2.357552004618084,5491,2026-02-19T23:20:48.634Z,
nikolai,32,bw,Bar Chart (B&W),52;71;92;20;7,1,2,71,92,77,84,7,2.8328900141647417,8338,2026-02-19T23:20:56.975Z,
nikolai,33,multicolor,Bar Chart (Multi-Color),55;27;48;96;49,1,2,27,48,56,60,4,2.0443941193584534,5737,2026-02-19T23:21:02.716Z,
nikolai,34,multicolor,Bar Chart (Multi-Color),26;59;8;77;87,1,2,59,8,14,13,1,0.16992500144231237,5724,2026-02-19T23:21:08.445Z,
nikolai,35,bw,Bar Chart (B&W),48;29;20;62;49,1,2,29,20,69,70,1,0.16992500144231237,11265,2026-02-19T23:21:19.712Z,
nikolai,36,gradient,Bar Chart (Gradient),7;47;38;73;4,1,2,47,38,81,88,7,2.8328900141647417,4419,2026-02-19T23:21:24.136Z,
nikolai,37,bw,Bar Chart (B&W),62;88;11;35;32,1,2,88,11,13,10,3,1.6438561897747246,3498,2026-02-19T23:21:27.638Z,
nikolai,38,bw,Bar Chart (B&W),56;20;96;94;42,1,2,20,96,21,25,4,2.0443941193584534,5997,2026-02-19T23:21:33.639Z,
nikolai,39,bw,Bar Chart (B&W),77;91;22;83;4,1,2,91,22,24,25,1,0.16992500144231237,9210,2026-02-19T23:21:42.852Z,
nikolai,40,gradient,Bar Chart (Gradient),35;51;18;43;71,1,2,51,18,35,37,2,1.0874628412503393,6887,2026-02-19T23:21:49.745Z,
nikolai,41,gradient,Bar Chart (Gradient),33;82;79;89;43,1,2,82,79,96,96,0,0,3376,2026-02-19T23:21:53.125Z,
nikolai,42,multicolor,Bar Chart (Multi-Color),97;84;39;6;89,1,2,84,39,46,50,4,2.0443941193584534,2468,2026-02-19T23:21:55.597Z,
nikolai,43,bw,Bar Chart (B&W),69;72;40;5;86,1,2,72,40,56,66,10,3.3398500028846247,4136,2026-02-19T23:21:59.736Z,
nikolai,44,gradient,Bar Chart (Gradient),64;17;13;85;5,1,2,17,13,76,90,14,3.820178962415188,4105,2026-02-19T23:22:03.844Z,
nikolai,45,bw,Bar Chart (B&W),68;14;83;28;99,1,2,14,83,17,18,1,0.16992500144231237,14325,2026-02-19T23:22:18.172Z,
nikolai,46,bw,Bar Chart (B&W),18;82;52;42;28,1,2,82,52,63,66,3,1.6438561897747246,4820,2026-02-19T23:22:22.998Z,
nikolai,47,multicolor,Bar Chart (Multi-Color),69;89;48;63;65,1,2,89,48,54,66,12,3.599912842187128,7096,2026-02-19T23:22:30.098Z,
nikolai,48,gradient,Bar Chart (Gradient),28;56;90;19;36,1,2,56,90,62,66,4,2.0443941193584534,4990,2026-02-19T23:22:35.092Z,
nikolai,49,gradient,Bar Chart (Gradient),3;56;64;63;78,1,2,56,64,88,85,3,1.6438561897747246,4376,2026-02-19T23:22:39.472Z,
nikolai,50,gradient,Bar Chart (Gradient),91;75;43;64;23,1,2,75,43,57,60,3,1.6438561897747246,12452,2026-02-19T23:22:51.929Z,
nikolai,51,multicolor,Bar Chart (Multi-Color),33;61;55;20;4,1,2,61,55,90,93,3,1.6438561897747246,4205,2026-02-19T23:22:56.137Z,
nikolai,52,multicolor,Bar Chart (Multi-Color),39;48;54;57;71,1,2,48,54,89,95,6,2.6147098441152083,4480,2026-02-19T23:23:00.621Z,
nikolai,53,bw,Bar Chart (B&W),86;88;21;17;66,1,2,88,21,24,20,4,2.0443941193584534,3144,2026-02-19T23:23:03.769Z,
nikolai,54,bw,Bar Chart (B&W),94;53;11;93;63,1,2,53,11,21,23,2,1.0874628412503393,4901,2026-02-19T23:23:08.672Z,
nikolai,55,bw,Bar Chart (B&W),16;94;97;53;17,1,2,94,97,97,98,1,0.16992500144231237,2713,2026-02-19T23:23:11.389Z,
nikolai,56,gradient,Bar Chart (Gradient),16;74;2;69;31,1,2,74,2,3,4,1,0.16992500144231237,6774,2026-02-19T23:23:18.169Z,
nikolai,57,multicolor,Bar Chart (Multi-Color),39;93;23;87;26,1,2,93,23,25,25,0,0,4521,2026-02-19T23:23:22.694Z,
nikolai,58,multicolor,Bar Chart (Multi-Color),98;29;46;35;43,1,2,29,46,63,90,27,4.7615512324444795,5400,2026-02-19T23:23:28.098Z,
nikolai,59,multicolor,Bar Chart (Multi-Color),83;31;17;97;66,1,2,31,17,55,55,0,0,11173,2026-02-19T23:23:39.274Z,
nikolai,60,multicolor,Bar Chart (Multi-Color),7;65;87;68;61,1,2,65,87,75,80,5,2.357552004618084,9597,2026-02-19T23:23:48.873Z,
Brandon,1,bw,Bar Chart (B&W),25;3;45;27;4,1,2,3,45,7,8,1,0.169925001,43261,2026-02-19T23:13:46.850Z,
Brandon,2,bw,Bar Chart (B&W),24;91;89;52;46,1,2,91,89,98,97,1,0.169925001,22380,2026-02-19T23:14:09.235Z,
Brandon,3,bw,Bar Chart (B&W),64;42;92;65;43,1,2,42,92,46,49,3,1.64385619,5222,2026-02-19T23:14:14.460Z,
Brandon,4,multicolor,Bar Chart (Multi-Color),68;75;48;16;22,1,2,75,48,64,68,4,2.044394119,10862,2026-02-19T23:14:25.325Z,
Brandon,5,gradient,Bar Chart (Gradient),40;2;45;57;83,1,2,2,45,4,7,3,1.64385619,34089,2026-02-19T23:14:59.420Z,
Brandon,6,multicolor,Bar Chart (Multi-Color),56;49;60;72;12,1,2,49,60,82,89,7,2.832890014,10027,2026-02-19T23:15:09.449Z,
Brandon,7,multicolor,Bar Chart (Multi-Color),38;85;11;19;72,1,2,85,11,13,10,3,1.64385619,11903,2026-02-19T23:15:21.354Z,
Brandon,8,bw,Bar Chart (B&W),48;85;17;91;89,1,2,85,17,20,16,4,2.044394119,28144,2026-02-19T23:15:49.501Z,
Brandon,9,bw,Bar Chart (B&W),30;75;20;85;93,1,2,75,20,27,25,2,1.087462841,19925,2026-02-19T23:16:09.428Z,
Brandon,10,gradient,Bar Chart (Gradient),15;24;93;5;64,1,2,24,93,26,26,0,0,38944,2026-02-19T23:16:48.375Z,
Brandon,11,multicolor,Bar Chart (Multi-Color),10;49;27;4;74,1,2,49,27,55,52,3,1.64385619,11202,2026-02-19T23:16:59.579Z,
Brandon,12,gradient,Bar Chart (Gradient),46;75;26;92;6,1,2,75,26,35,35,0,0,8913,2026-02-19T23:17:08.494Z,
Brandon,13,gradient,Bar Chart (Gradient),47;85;72;55;34,1,2,85,72,85,89,4,2.044394119,32592,2026-02-19T23:17:41.088Z,
Brandon,14,gradient,Bar Chart (Gradient),3;36;43;82;28,1,2,36,43,84,90,6,2.614709844,6690,2026-02-19T23:17:47.781Z,
Brandon,15,multicolor,Bar Chart (Multi-Color),87;28;35;10;51,1,2,28,35,80,88,8,3.022367813,8601,2026-02-19T23:17:56.385Z,
Brandon,16,gradient,Bar Chart (Gradient),30;91;93;54;67,1,2,91,93,98,97,1,0.169925001,15588,2026-02-19T23:18:11.976Z,
Brandon,17,bw,Bar Chart (B&W),16;30;21;35;72,1,2,30,21,70,64,6,2.614709844,16914,2026-02-19T23:18:28.891Z,
Brandon,18,bw,Bar Chart (B&W),17;40;18;57;15,1,2,40,18,45,38,7,2.832890014,13471,2026-02-19T23:18:42.364Z,
Brandon,19,multicolor,Bar Chart (Multi-Color),20;45;15;56;94,1,2,45,15,33,27,6,2.614709844,59269,2026-02-19T23:19:41.636Z,
Brandon,20,gradient,Bar Chart (Gradient),45;92;96;55;91,1,2,92,96,96,96,0,0,47393,2026-02-19T23:20:29.032Z,
Brandon,21,bw,Bar Chart (B&W),64;29;9;22;82,1,2,29,9,31,29,2,1.087462841,19681,2026-02-19T23:20:48.715Z,
Brandon,22,multicolor,Bar Chart (Multi-Color),37;42;77;10;70,1,2,42,77,55,58,3,1.64385619,9151,2026-02-19T23:20:57.868Z,
Brandon,23,gradient,Bar Chart (Gradient),20;58;89;27;57,1,2,58,89,65,66,1,0.169925001,16960,2026-02-19T23:21:14.830Z,
Brandon,24,gradient,Bar Chart (Gradient),58;65;28;52;31,1,2,65,28,43,42,1,0.169925001,45846,2026-02-19T23:22:00.678Z,
Brandon,25,gradient,Bar Chart (Gradient),4;50;28;77;81,1,2,50,28,56,60,4,2.044394119,2907,2026-02-19T23:22:03.588Z,
Brandon,26,gradient,Bar Chart (Gradient),74;12;33;30;26,1,2,12,33,36,33,3,1.64385619,26615,2026-02-19T23:22:30.205Z,
Brandon,27,bw,Bar Chart (B&W),59;22;74;51;94,1,2,22,74,30,28,2,1.087462841,14023,2026-02-19T23:22:44.230Z,
Brandon,28,multicolor,Bar Chart (Multi-Color),23;57;51;46;66,1,2,57,51,89,92,3,1.64385619,7469,2026-02-19T23:22:51.702Z,
Brandon,29,multicolor,Bar Chart (Multi-Color),98;32;67;40;96,1,2,32,67,48,48,0,0,6262,2026-02-19T23:22:57.966Z,
Brandon,30,bw,Bar Chart (B&W),36;95;87;93;70,1,2,95,87,92,94,2,1.087462841,7826,2026-02-19T23:23:05.794Z,
Brandon,31,multicolor,Bar Chart (Multi-Color),52;66;92;9;3,1,2,66,92,72,76,4,2.044394119,37530,2026-02-19T23:23:43.325Z,
Brandon,32,gradient,Bar Chart (Gradient),88;15;26;64;65,1,2,15,26,58,69,11,3.475733431,10463,2026-02-19T23:23:53.790Z,
Brandon,33,gradient,Bar Chart (Gradient),63;62;43;59;56,1,2,62,43,69,70,1,0.169925001,18720,2026-02-19T23:24:12.513Z,
Brandon,34,gradient,Bar Chart (Gradient),57;90;36;58;56,1,2,90,36,40,40,0,0,17358,2026-02-19T23:24:29.875Z,
Brandon,35,multicolor,Bar Chart (Multi-Color),83;53;29;32;41,1,2,53,29,55,54,1,0.169925001,5603,2026-02-19T23:24:35.480Z,
Brandon,36,multicolor,Bar Chart (Multi-Color),46;3;26;57;40,1,2,3,26,12,10,2,1.087462841,5523,2026-02-19T23:24:41.005Z,
Brandon,37,bw,Bar Chart (B&W),44;86;76;25;39,1,2,86,76,88,90,2,1.087462841,32171,2026-02-19T23:25:13.178Z,
Brandon,38,bw,Bar Chart (B&W),30;19;93;22;61,1,2,19,93,20,20,0,0,9328,2026-02-19T23:25:22.508Z,
Brandon,39,multicolor,Bar Chart (Multi-Color),24;38;50;77;78,1,2,38,50,76,80,4,2.044394119,2642,2026-02-19T23:25:25.152Z,
Brandon,40,multicolor,Bar Chart (Multi-Color),27;93;96;52;63,1,2,93,96,97,97,0,0,7551,2026-02-19T23:25:32.705Z,
Brandon,41,multicolor,Bar Chart (Multi-Color),63;52;76;69;95,1,2,52,76,68,71,3,1.64385619,21297,2026-02-19T23:25:54.004Z,
Brandon,42,bw,Bar Chart (B&W),33;94;41;27;97,1,2,94,41,44,39,5,2.357552005,25126,2026-02-19T23:26:19.132Z,
Brandon,43,gradient,Bar Chart (Gradient),38;54;31;97;55,1,2,54,31,57,64,7,2.832890014,19396,2026-02-19T23:26:38.530Z,
Brandon,44,bw,Bar Chart (B&W),76;74;69;48;85,1,2,74,69,93,93,0,0,7621,2026-02-19T23:26:46.153Z,
Brandon,45,gradient,Bar Chart (Gradient),26;40;15;54;58,1,2,40,15,38,37,1,0.169925001,6973,2026-02-19T23:26:53.129Z,
Brandon,46,gradient,Bar Chart (Gradient),74;19;18;90;61,1,2,19,18,95,98,3,1.64385619,3959,2026-02-19T23:26:57.091Z,
Brandon,47,multicolor,Bar Chart (Multi-Color),83;30;15;46;34,1,2,30,15,50,50,0,0,2593,2026-02-19T23:26:59.686Z,
Brandon,48,gradient,Bar Chart (Gradient),33;62;81;69;61,1,2,62,81,77,75,2,1.087462841,25167,2026-02-19T23:27:24.855Z,
Brandon,49,multicolor,Bar Chart (Multi-Color),80;71;84;62;18,1,2,71,84,85,86,1,0.169925001,7885,2026-02-19T23:27:32.742Z,
Brandon,50,multicolor,Bar Chart (Multi-Color),55;31;16;37;85,1,2,31,16,52,48,4,2.044394119,13135,2026-02-19T23:27:45.879Z,
Brandon,51,bw,Bar Chart (B&W),89;78;65;35;18,1,2,78,65,83,85,2,1.087462841,12163,2026-02-19T23:27:58.044Z,
Brandon,52,bw,Bar Chart (B&W),60;48;45;44;97,1,2,48,45,94,93,1,0.169925001,5504,2026-02-19T23:28:03.551Z,
Brandon,53,bw,Bar Chart (B&W),85;97;92;37;82,1,2,97,92,95,94,1,0.169925001,40504,2026-02-19T23:28:44.058Z,
Brandon,54,bw,Bar Chart (B&W),18;34;77;32;28,1,2,34,77,44,39,5,2.357552005,14476,2026-02-19T23:28:58.536Z,
Brandon,55,gradient,Bar Chart (Gradient),32;43;68;33;26,1,2,43,68,63,60,3,1.64385619,16247,2026-02-19T23:29:14.785Z,
Brandon,56,bw,Bar Chart (B&W),89;48;45;75;41,1,2,48,45,94,94,0,0,16450,2026-02-19T23:29:31.237Z,
Brandon,57,gradient,Bar Chart (Gradient),82;13;30;81;18,1,2,13,30,43,45,2,1.087462841,5790,2026-02-19T23:29:37.030Z,
Brandon,58,multicolor,Bar Chart (Multi-Color),29;18;41;94;51,1,2,18,41,44,35,9,3.189824559,31188,2026-02-19T23:30:08.220Z,
Brandon,59,bw,Bar Chart (B&W),87;71;33;43;17,1,2,71,33,46,48,2,1.087462841,13928,2026-02-19T23:30:22.150Z,
Brandon,60,multicolor,Bar Chart (Multi-Color),96;73;89;3;58,1,2,73,89,82,82,0,0,30902,2026-02-19T23:30:53.055Z,
Mariana,1,multicolor,Bar Chart (Multi-Color),9;41;56;45;67,1,2,41,56,73,15,58,5.86108691,49635,2026-02-19T23:06:36.041Z,
Mariana,2,gradient,Bar Chart (Gradient),10;69;9;2;52,1,2,69,9,13,50,37,5.21431912,24786,2026-02-19T23:07:00.835Z,
Mariana,3,multicolor,Bar Chart (Multi-Color),80;98;59;75;28,1,2,98,59,60,60,0,0,42068,2026-02-19T23:07:42.904Z,
Mariana,4,gradient,Bar Chart (Gradient),12;35;92;78;63,1,2,35,92,38,25,13,3.71424552,14332,2026-02-19T23:07:57.239Z,
Mariana,5,bw,Bar Chart (B&W),2;39;55;47;75,1,2,39,55,71,60,11,3.47573343,34559,2026-02-19T23:08:31.800Z,
Mariana,6,multicolor,Bar Chart (Multi-Color),80;29;59;16;42,1,2,29,59,49,50,1,0.169925,6265,2026-02-19T23:08:38.066Z,
Mariana,7,multicolor,Bar Chart (Multi-Color),80;63;89;29;96,1,2,63,89,71,75,4,2.04439412,7401,2026-02-19T23:08:45.467Z,
Mariana,8,multicolor,Bar Chart (Multi-Color),3;5;35;28;12,1,2,5,35,14,20,6,2.61470984,6299,2026-02-19T23:08:51.767Z,
Mariana,9,bw,Bar Chart (B&W),14;76;74;23;72,1,2,76,74,97,95,2,1.08746284,13249,2026-02-19T23:09:05.017Z,
Mariana,10,multicolor,Bar Chart (Multi-Color),22;6;85;92;57,1,2,6,85,7,10,3,1.64385619,5784,2026-02-19T23:09:10.802Z,
Mariana,11,multicolor,Bar Chart (Multi-Color),58;45;80;99;34,1,2,45,80,56,55,1,0.169925,6830,2026-02-19T23:09:17.633Z,
Mariana,12,bw,Bar Chart (B&W),16;19;2;69;78,1,2,19,2,11,15,4,2.04439412,8784,2026-02-19T23:09:26.418Z,
Mariana,13,multicolor,Bar Chart (Multi-Color),54;65;63;51;46,1,2,65,63,97,90,7,2.83289001,5583,2026-02-19T23:09:32.001Z,
Mariana,14,multicolor,Bar Chart (Multi-Color),31;29;2;47;38,1,2,29,2,7,5,2,1.08746284,18832,2026-02-19T23:09:50.834Z,
Mariana,15,bw,Bar Chart (B&W),69;40;68;66;7,1,2,40,68,59,60,1,0.169925,10632,2026-02-19T23:10:01.467Z,
Mariana,16,gradient,Bar Chart (Gradient),49;37;81;25;87,1,2,37,81,46,40,6,2.61470984,10213,2026-02-19T23:10:11.682Z,
Mariana,17,gradient,Bar Chart (Gradient),56;96;8;58;17,1,2,96,8,8,15,7,2.83289001,7834,2026-02-19T23:10:19.517Z,
Mariana,18,gradient,Bar Chart (Gradient),18;10;36;61;88,1,2,10,36,28,30,2,1.08746284,8448,2026-02-19T23:10:27.966Z,
Mariana,19,gradient,Bar Chart (Gradient),81;46;88;72;49,1,2,46,88,52,50,2,1.08746284,5799,2026-02-19T23:10:33.766Z,
Mariana,20,bw,Bar Chart (B&W),68;24;69;89;35,1,2,24,69,35,40,5,2.357552,6068,2026-02-19T23:10:39.834Z,
Mariana,21,gradient,Bar Chart (Gradient),82;48;60;30;76,1,2,48,60,80,85,5,2.357552,7865,2026-02-19T23:10:47.700Z,
Mariana,22,multicolor,Bar Chart (Multi-Color),18;36;73;26;80,1,2,36,73,49,45,4,2.04439412,5316,2026-02-19T23:10:53.017Z,
Mariana,23,gradient,Bar Chart (Gradient),23;62;73;72;31,1,2,62,73,85,85,0,0,11481,2026-02-19T23:11:04.499Z,
Mariana,24,multicolor,Bar Chart (Multi-Color),46;5;28;83;61,1,2,5,28,18,10,8,3.02236781,10032,2026-02-19T23:11:14.532Z,
Mariana,25,bw,Bar Chart (B&W),35;48;3;45;76,1,2,48,3,6,10,4,2.04439412,24783,2026-02-19T23:11:39.316Z,
Mariana,26,multicolor,Bar Chart (Multi-Color),62;25;36;18;12,1,2,25,36,69,60,9,3.18982456,59622,2026-02-19T23:12:38.939Z,
Mariana,27,multicolor,Bar Chart (Multi-Color),25;23;11;58;12,1,2,23,11,48,50,2,1.08746284,3942,2026-02-19T23:12:42.882Z,
Mariana,28,bw,Bar Chart (B&W),74;8;36;19;86,1,2,8,36,22,25,3,1.64385619,4749,2026-02-19T23:12:47.632Z,
Mariana,29,multicolor,Bar Chart (Multi-Color),98;71;7;31;8,1,2,71,7,10,15,5,2.357552,5916,2026-02-19T23:12:53.549Z,
Mariana,30,multicolor,Bar Chart (Multi-Color),43;5;71;99;16,1,2,5,71,7,10,3,1.64385619,26384,2026-02-19T23:13:19.934Z,
Mariana,31,bw,Bar Chart (B&W),25;85;86;68;62,1,2,85,86,99,98,1,0.169925,17534,2026-02-19T23:13:37.468Z,
Mariana,32,multicolor,Bar Chart (Multi-Color),86;47;80;97;72,1,2,47,80,59,55,4,2.04439412,6147,2026-02-19T23:13:43.617Z,
Mariana,33,bw,Bar Chart (B&W),18;5;3;10;93,1,2,5,3,60,60,0,0,22199,2026-02-19T23:14:05.816Z,
Mariana,34,bw,Bar Chart (B&W),37;19;45;15;50,1,2,19,45,42,45,3,1.64385619,9384,2026-02-19T23:14:15.200Z,
Mariana,35,bw,Bar Chart (B&W),22;87;7;6;31,1,2,87,7,8,20,12,3.59991284,17236,2026-02-19T23:14:32.437Z,
Mariana,36,gradient,Bar Chart (Gradient),72;80;46;51;82,1,2,80,46,57,60,3,1.64385619,4678,2026-02-19T23:14:37.116Z,
Mariana,37,multicolor,Bar Chart (Multi-Color),85;54;63;3;75,1,2,54,63,86,85,1,0.169925,7631,2026-02-19T23:14:44.748Z,
Mariana,38,gradient,Bar Chart (Gradient),7;18;25;82;88,1,2,18,25,72,85,13,3.71424552,5951,2026-02-19T23:14:50.700Z,
Mariana,39,gradient,Bar Chart (Gradient),45;96;79;60;40,1,2,96,79,82,85,3,1.64385619,23167,2026-02-19T23:15:13.868Z,
Mariana,40,gradient,Bar Chart (Gradient),52;19;25;80;42,1,2,19,25,76,90,14,3.82017896,3363,2026-02-19T23:15:17.233Z,
Mariana,41,gradient,Bar Chart (Gradient),38;65;98;44;48,1,2,65,98,66,60,6,2.61470984,9065,2026-02-19T23:15:26.299Z,
Mariana,42,bw,Bar Chart (B&W),10;43;74;97;68,1,2,43,74,58,55,3,1.64385619,7316,2026-02-19T23:15:33.616Z,
Mariana,43,bw,Bar Chart (B&W),94;96;52;20;26,1,2,96,52,54,50,4,2.04439412,4366,2026-02-19T23:15:37.984Z,
Mariana,44,gradient,Bar Chart (Gradient),24;25;37;53;32,1,2,25,37,68,60,8,3.02236781,4832,2026-02-19T23:15:42.817Z,
Mariana,45,gradient,Bar Chart (Gradient),6;32;56;30;13,1,2,32,56,57,55,2,1.08746284,21238,2026-02-19T23:16:04.056Z,
Mariana,46,bw,Bar Chart (B&W),34;18;60;90;64,1,2,18,60,30,35,5,2.357552,30926,2026-02-19T23:16:34.984Z,
Mariana,47,gradient,Bar Chart (Gradient),88;8;41;94;82,1,2,8,41,20,25,5,2.357552,24531,2026-02-19T23:16:59.516Z,
Mariana,48,multicolor,Bar Chart (Multi-Color),95;65;55;66;57,1,2,65,55,85,80,5,2.357552,9566,2026-02-19T23:17:09.083Z,
Mariana,49,multicolor,Bar Chart (Multi-Color),60;18;88;27;34,1,2,18,88,20,20,0,0,11165,2026-02-19T23:17:20.249Z,
Mariana,50,bw,Bar Chart (B&W),71;13;96;83;39,1,2,13,96,14,15,1,0.169925,12066,2026-02-19T23:17:32.316Z,
Mariana,51,gradient,Bar Chart (Gradient),71;42;56;25;36,1,2,42,56,75,75,0,0,8182,2026-02-19T23:17:40.499Z,
Mariana,52,bw,Bar Chart (B&W),75;25;12;4;22,1,2,25,12,48,50,2,1.08746284,3765,2026-02-19T23:17:44.265Z,
Mariana,53,gradient,Bar Chart (Gradient),21;57;76;94;11,1,2,57,76,75,75,0,0,4750,2026-02-19T23:17:49.016Z,
Mariana,54,multicolor,Bar Chart (Multi-Color),55;23;42;95;46,1,2,23,42,55,55,0,0,6232,2026-02-19T23:17:55.248Z,
Mariana,55,gradient,Bar Chart (Gradient),22;19;76;78;23,1,2,19,76,25,30,5,2.357552,5804,2026-02-19T23:18:01.053Z,
Mariana,56,gradient,Bar Chart (Gradient),36;45;55;22;79,1,2,45,55,82,85,3,1.64385619,10062,2026-02-19T23:18:11.116Z,
Mariana,57,bw,Bar Chart (B&W),32;2;71;22;49,1,2,2,71,3,5,2,1.08746284,3465,2026-02-19T23:18:14.582Z,
Mariana,58,bw,Bar Chart (B&W),83;7;61;90;23,1,2,7,61,11,10,1,0.169925,5666,2026-02-19T23:18:20.249Z,
Mariana,59,bw,Bar Chart (B&W),56;37;51;60;49,1,2,37,51,73,70,3,1.64385619,5250,2026-02-19T23:18:25.500Z,
Mariana,60,bw,Bar Chart (B&W),26;91;46;93;51,1,2,91,46,51,50,1,0.169925,3565,2026-02-19T23:18:29.065Z,
Jared Sangil,1,multicolor,Bar Chart (Multi-Color),83;23;60;48;99,1,2,23,60,38,33,5,2.357552,63779,2026-02-19T23:22:28.481Z,
Jared Sangil,2,gradient,Bar Chart (Gradient),7;29;31;55;66,1,2,29,31,94,96,2,1.08746284,5540,2026-02-19T23:22:34.024Z,
Jared Sangil,3,multicolor,Bar Chart (Multi-Color),39;72;17;51;68,1,2,72,17,24,25,1,0.169925,8495,2026-02-19T23:22:42.522Z,
Jared Sangil,4,multicolor,Bar Chart (Multi-Color),58;55;83;73;12,1,2,55,83,66,60,6,2.61470984,7238,2026-02-19T23:22:49.762Z,
Jared Sangil,5,gradient,Bar Chart (Gradient),46;48;17;32;2,1,2,48,17,35,33,2,1.08746284,2722,2026-02-19T23:22:52.486Z,
Jared Sangil,6,multicolor,Bar Chart (Multi-Color),86;55;64;17;53,1,2,55,64,86,90,4,2.04439412,7041,2026-02-19T23:22:59.529Z,
Jared Sangil,7,bw,Bar Chart (B&W),65;23;99;88;48,1,2,23,99,23,20,3,1.64385619,24110,2026-02-19T23:23:23.641Z,
Jared Sangil,8,gradient,Bar Chart (Gradient),13;3;33;23;85,1,2,3,33,9,12,3,1.64385619,5493,2026-02-19T23:23:29.136Z,
Jared Sangil,9,multicolor,Bar Chart (Multi-Color),11;66;47;40;72,1,2,66,47,71,66,5,2.357552,8591,2026-02-19T23:23:37.730Z,
Jared Sangil,10,bw,Bar Chart (B&W),27;33;40;37;39,1,2,33,40,83,80,3,1.64385619,8392,2026-02-19T23:23:46.124Z,
Jared Sangil,11,multicolor,Bar Chart (Multi-Color),26;19;24;34;56,1,2,19,24,79,80,1,0.169925,2997,2026-02-19T23:23:49.123Z,
Jared Sangil,12,multicolor,Bar Chart (Multi-Color),43;9;58;42;56,1,2,9,58,16,20,4,2.04439412,11806,2026-02-19T23:24:00.931Z,
Jared Sangil,13,bw,Bar Chart (B&W),12;14;59;74;56,1,2,14,59,24,25,1,0.169925,4849,2026-02-19T23:24:05.782Z,
Jared Sangil,14,bw,Bar Chart (B&W),71;10;73;87;81,1,2,10,73,14,20,6,2.61470984,9667,2026-02-19T23:24:15.451Z,
Jared Sangil,15,bw,Bar Chart (B&W),96;23;84;16;99,1,2,23,84,27,33,6,2.61470984,3331,2026-02-19T23:24:18.784Z,
Jared Sangil,16,multicolor,Bar Chart (Multi-Color),68;45;41;65;62,1,2,45,41,91,95,4,2.04439412,4611,2026-02-19T23:24:23.397Z,
Jared Sangil,17,bw,Bar Chart (B&W),77;34;88;22;5,1,2,34,88,39,45,6,2.61470984,8451,2026-02-19T23:24:31.851Z,
Jared Sangil,18,gradient,Bar Chart (Gradient),13;9;5;99;64,1,2,9,5,56,66,10,3.33985,73974,2026-02-19T23:25:45.828Z,
Jared Sangil,19,multicolor,Bar Chart (Multi-Color),33;47;84;72;75,1,2,47,84,56,50,6,2.61470984,6025,2026-02-19T23:25:51.857Z,
Jared Sangil,20,gradient,Bar Chart (Gradient),59;7;64;70;32,1,2,7,64,11,14,3,1.64385619,7964,2026-02-19T23:25:59.822Z,
Jared Sangil,21,gradient,Bar Chart (Gradient),45;53;79;91;21,1,2,53,79,67,66,1,0.169925,4685,2026-02-19T23:26:04.509Z,
Jared Sangil,22,multicolor,Bar Chart (Multi-Color),11;74;46;65;34,1,2,74,46,62,60,2,1.08746284,10677,2026-02-19T23:26:15.187Z,
Jared Sangil,23,multicolor,Bar Chart (Multi-Color),29;78;89;28;24,1,2,78,89,88,90,2,1.08746284,8694,2026-02-19T23:26:23.883Z,
Jared Sangil,24,bw,Bar Chart (B&W),30;27;56;63;77,1,2,27,56,48,50,2,1.08746284,4876,2026-02-19T23:26:28.763Z,
Jared Sangil,25,multicolor,Bar Chart (Multi-Color),88;51;99;49;85,1,2,51,99,52,50,2,1.08746284,2150,2026-02-19T23:26:30.914Z,
Jared Sangil,26,multicolor,Bar Chart (Multi-Color),25;40;35;26;8,1,2,40,35,88,90,2,1.08746284,2739,2026-02-19T23:26:33.656Z,
Jared Sangil,27,gradient,Bar Chart (Gradient),76;62;82;56;51,1,2,62,82,76,80,4,2.04439412,11812,2026-02-19T23:26:45.470Z,
Jared Sangil,28,multicolor,Bar Chart (Multi-Color),33;92;84;54;65,1,2,92,84,91,90,1,0.169925,4129,2026-02-19T23:26:49.601Z,
Jared Sangil,29,bw,Bar Chart (B&W),41;56;28;16;62,1,2,56,28,50,30,20,4.33091688,5540,2026-02-19T23:26:55.143Z,
Jared Sangil,30,multicolor,Bar Chart (Multi-Color),5;37;58;93;92,1,2,37,58,64,55,9,3.18982456,14527,2026-02-19T23:27:09.672Z,
Jared Sangil,31,gradient,Bar Chart (Gradient),3;14;94;79;74,1,2,14,94,15,10,5,2.357552,4378,2026-02-19T23:27:14.052Z,
Jared Sangil,32,gradient,Bar Chart (Gradient),4;23;86;27;22,1,2,23,86,27,25,2,1.08746284,3989,2026-02-19T23:27:18.043Z,
Jared Sangil,33,bw,Bar Chart (B&W),34;52;42;8;98,1,2,52,42,81,80,1,0.169925,8727,2026-02-19T23:27:26.771Z,
Jared Sangil,34,gradient,Bar Chart (Gradient),21;6;51;97;64,1,2,6,51,12,33,21,4.40087944,12118,2026-02-19T23:27:38.891Z,
Jared Sangil,35,gradient,Bar Chart (Gradient),27;90;51;60;81,1,2,90,51,57,60,3,1.64385619,3918,2026-02-19T23:27:42.811Z,
Jared Sangil,36,gradient,Bar Chart (Gradient),53;83;56;86;66,1,2,83,56,67,66,1,0.169925,5157,2026-02-19T23:27:47.972Z,
Jared Sangil,37,bw,Bar Chart (B&W),49;15;68;92;44,1,2,15,68,22,25,3,1.64385619,8666,2026-02-19T23:27:56.639Z,
Jared Sangil,38,bw,Bar Chart (B&W),14;86;43;90;30,1,2,86,43,50,50,0,0,2414,2026-02-19T23:27:59.056Z,
Jared Sangil,39,bw,Bar Chart (B&W),98;5;22;69;12,1,2,5,22,23,4,19,4.25738784,10417,2026-02-19T23:28:09.475Z,
Jared Sangil,40,gradient,Bar Chart (Gradient),7;6;13;88;44,1,2,6,13,46,50,4,2.04439412,5331,2026-02-19T23:28:14.809Z,
Jared Sangil,41,multicolor,Bar Chart (Multi-Color),38;10;53;19;95,1,2,10,53,19,20,1,0.169925,3763,2026-02-19T23:28:18.574Z,
Jared Sangil,42,bw,Bar Chart (B&W),77;91;53;3;71,1,2,91,53,58,55,3,1.64385619,16236,2026-02-19T23:28:34.811Z,
Jared Sangil,43,multicolor,Bar Chart (Multi-Color),8;11;75;40;25,1,2,11,75,15,20,5,2.357552,4386,2026-02-19T23:28:39.198Z,
Jared Sangil,44,bw,Bar Chart (B&W),75;49;18;42;62,1,2,49,18,37,33,4,2.04439412,2229,2026-02-19T23:28:41.429Z,
Jared Sangil,45,gradient,Bar Chart (Gradient),9;35;74;84;71,1,2,35,74,47,50,3,1.64385619,2832,2026-02-19T23:28:44.263Z,
Jared Sangil,46,multicolor,Bar Chart (Multi-Color),88;64;92;5;81,1,2,64,92,70,66,4,2.04439412,2663,2026-02-19T23:28:46.928Z,
Jared Sangil,47,gradient,Bar Chart (Gradient),20;90;78;15;19,1,2,90,78,87,80,7,2.83289001,2581,2026-02-19T23:28:49.512Z,
Jared Sangil,48,multicolor,Bar Chart (Multi-Color),6;91;43;87;31,1,2,91,43,47,50,3,1.64385619,4188,2026-02-19T23:28:53.702Z,
Jared Sangil,49,gradient,Bar Chart (Gradient),79;72;88;84;20,1,2,72,88,82,90,8,3.02236781,2926,2026-02-19T23:28:56.630Z,
Jared Sangil,50,gradient,Bar Chart (Gradient),2;34;58;76;35,1,2,34,58,59,60,1,0.169925,3399,2026-02-19T23:29:00.031Z,
Jared Sangil,51,bw,Bar Chart (B&W),82;2;8;51;48,1,2,2,8,25,35,10,3.33985,3319,2026-02-19T23:29:03.352Z,
Jared Sangil,52,gradient,Bar Chart (Gradient),62;5;44;23;10,1,2,5,44,11,15,4,2.04439412,17239,2026-02-19T23:29:20.593Z,
Jared Sangil,53,bw,Bar Chart (B&W),15;82;21;11;72,1,2,82,21,26,20,6,2.61470984,4093,2026-02-19T23:29:24.688Z,
Jared Sangil,54,multicolor,Bar Chart (Multi-Color),69;44;82;33;83,1,2,44,82,54,50,4,2.04439412,5693,2026-02-19T23:29:30.383Z,
Jared Sangil,55,bw,Bar Chart (B&W),12;66;19;5;31,1,2,66,19,29,33,4,2.04439412,2536,2026-02-19T23:29:32.921Z,
Jared Sangil,56,gradient,Bar Chart (Gradient),98;61;97;20;49,1,2,61,97,63,60,3,1.64385619,4322,2026-02-19T23:29:37.245Z,
Jared Sangil,57,bw,Bar Chart (B&W),63;54;8;81;59,1,2,54,8,15,20,5,2.357552,7035,2026-02-19T23:29:44.282Z,
Jared Sangil,58,bw,Bar Chart (B&W),84;18;27;73;5,1,2,18,27,67,67,0,0,4130,2026-02-19T23:29:48.414Z,
Jared Sangil,59,gradient,Bar Chart (Gradient),72;55;36;86;10,1,2,55,36,65,66,1,0.169925,15299,2026-02-19T23:30:03.716Z,
Jared Sangil,60,bw,Bar Chart (B&W),22;47;70;75;49,1,2,47,70,67,66,1,0.169925,6619,2026-02-19T23:30:10.337Z,